Workbook

Sheet PMPM
A1: PMPM COST CHANGE ANALYSIS | N1: YEAR | O1: BENES_FFS_CNT | Q1: HCPCS_Cd | R1: Brnd_Name | S1: Gnrc_Name | T1: Tot_Spndng_2018 | U1: Tot_Benes_2018 | V1: Avg_Spndng_Per_Bene_2018 | W1: Tot_Spndng_2021 | X1: Tot_Benes_2021 | Y1: Avg_Spndng_Per_Bene_2021
B2: 2018 | C2: 2021 | N2: 2018 | O2: 33503234 | Q2: J9271 | R2: Keytruda | S2: Pembrolizumab | T2: 1813727267 | U2: 35491 | V2: 51103.865 | W2: 3966530837 | X2: 62830 | Y2: 63131.161
A3: Total Spend | B3: =SUM(T:T) -> 3.1198753e+10 | C3: =SUM(W:W) -> 4.0140961e+10 | N3: 2021 | O3: 30900379 | Q3: J0178 | R3: Eylea | S3: Aflibercept | T3: 2573938387 | U3: 240910 | V3: 10684.232 | W3: 3415890772 | X3: 309699 | Y3: 11029.712
A4: FFS Benes | B4: 33503234 | C4: 30900379 | Q4: J0897 | R4: Prolia* | S4: Denosumab* | T4: 1416968973 | U4: 533286 | V4: 2657.0526 | W4: 1780811015 | X4: 629724 | Y4: 2827.923
A5: PMPM | B5: =B3/(B4*12) -> 77.601348 | C5: =C3/(C4*12) -> 108.25369 | Q5: J9299 | R5: Opdivo | S5: Nivolumab | T5: 1715907188 | U5: 32846 | V5: 52240.979 | W5: 1573611853 | X5: 25426 | Y5: 61889.871
Q6: J9144 | R6: Darzalex Faspro | S6: Daratumumab-Hyaluronidase-Fihj | W6: 1046702030 | X6: 12490 | Y6: 83803.205
A7: Total Change | B7: =C5-B5 -> 30.652342 | Q7: J2778 | R7: Lucentis | S7: Ranibizumab | T7: 1215701656 | U7: 123389 | V7: 9852.5935 | W7: 1044929993 | X7: 114432 | Y7: 9131.4492
Q8: J0129 | R8: Orencia* | S8: Abatacept* | T8: 7.9928609e+08 | U8: 26726 | V8: 29906.686 | W8: 9.8894374e+08 | X8: 31429 | Y8: 31465.963
Q9: J9312 | R9: Rituxan | S9: Rituximab | W9: 7.6556021e+08 | X9: 36383 | Y9: 21041.701
Q10: J9022 | R10: Tecentriq | S10: Atezolizumab | T10: 2.4075821e+08 | U10: 4896 | V10: 49174.471 | W10: 6.560749e+08 | X10: 12580 | Y10: 52152.218
Q11: J1300 | R11: Soliris | S11: Eculizumab | T11: 3.9579614e+08 | U11: 1161 | V11: 340909.68 | W11: 6.4245117e+08 | X11: 1645 | Y11: 390547.82
Q12: J2350 | R12: Ocrevus | S12: Ocrelizumab | T12: 4.8883213e+08 | U12: 9704 | V12: 50374.292 | W12: 6.0820341e+08 | X12: 12327 | Y12: 49339.126
Q13: J3380 | R13: Entyvio | S13: Vedolizumab | T13: 2.4300713e+08 | U13: 8882 | V13: 27359.506 | W13: 5.265282e+08 | X13: 15742 | Y13: 33447.351
Q14: J2505 | R14: Neulasta* | S14: Pegfilgrastim* | T14: 1370995237 | U14: 88742 | V14: 15449.226 | W14: 519022697 | X14: 57642 | Y14: 9004.2451
Q15: J1745 | R15: Remicade | S15: Infliximab | T15: 1149653207 | U15: 52085 | V15: 22072.635 | W15: 5.1262192e+08 | X15: 41903 | Y15: 12233.538
Q16: J1569 | R16: Gammagard Liquid | S16: Immun Glob G(Igg)/Gly/Iga Ov50 | T16: 3.7889106e+08 | U16: 17633 | V16: 21487.612 | W16: 5.0458623e+08 | X16: 18538 | Y16: 27219.022
Q17: J0717 | R17: Cimzia | S17: Certolizumab Pegol | T17: 3.6637106e+08 | U17: 15612 | V17: 23467.273 | W17: 5.0015267e+08 | X17: 21410 | Y17: 23360.704
Q18: J9145 | R18: Darzalex | S18: Daratumumab | T18: 6.4537545e+08 | U18: 9309 | V18: 69328.118 | W18: 4.7862818e+08 | X18: 8083 | Y18: 59214.175
Q19: J9305 | R19: Alimta | S19: Pemetrexed Disodium | T19: 4.7136965e+08 | U19: 19306 | V19: 24415.707 | W19: 4.7738148e+08 | X19: 17337 | Y19: 27535.414
Q20: 90662 | R20: Fluzone High-Dose 2015-2016* | S20: Flu Vacc TS2015-16(65yr,up)/PF* | T20: 4.6122975e+08 | U20: 9154064 | V20: 50.385245 | W20: 4.7705315e+08 | X20: 7631960 | Y20: 62.507291
Q21: J9173 | R21: Imfinzi | S21: Durvalumab | W21: 4.5354457e+08 | X21: 9073 | Y21: 49988.38
Q22: J2353 | R22: Sandostatin Lar* | S22: Octreotide Acetate,mi-Spheres* | T22: 4.1414237e+08 | U22: 9949 | V22: 41626.532 | W22: 432652274 | X22: 9465 | Y22: 45710.753
Q23: J1561 | R23: Gammaked* | S23: Immune Globul G/Gly/Iga Avg 46* | T23: 3.7045694e+08 | U23: 15991 | V23: 23166.59 | W23: 4.2359115e+08 | X23: 13442 | Y23: 31512.509
Q24: J9228 | R24: Yervoy | S24: Ipilimumab | T24: 2.6950042e+08 | U24: 4595 | V24: 58650.798 | W24: 4.080913e+08 | X24: 7687 | Y24: 53088.5
Q25: J2357 | R25: Xolair | S25: Omalizumab | T25: 3.9508335e+08 | U25: 17070 | V25: 23144.895 | W25: 4.019208e+08 | X25: 17789 | Y25: 22593.783
Q26: J1930 | R26: Somatuline Depot | S26: Lanreotide Acetate | T26: 2.0709949e+08 | U26: 4183 | V26: 49509.798 | W26: 3.9895848e+08 | X26: 6260 | Y26: 63731.386
Q27: J1602 | R27: Simponi Aria | S27: Golimumab | T27: 2.967702e+08 | U27: 16856 | V27: 17606.206 | W27: 3.7006397e+08 | X27: 26875 | Y27: 13769.822
Q28: J9035 | R28: Avastin | S28: Bevacizumab | T28: 1011988293 | U28: 224023 | V28: 4517.341 | W28: 3.6931186e+08 | X28: 154678 | Y28: 2387.6172
Q29: J0585 | R29: Botox* | S29: Onabotulinumtoxina* | T29: 3.4839152e+08 | U29: 139884 | V29: 2490.5744 | W29: 3.6644106e+08 | X29: 143146 | Y29: 2559.9113
Q30: J9041 | R30: Velcade | S30: Bortezomib | T30: 4.4337393e+08 | U30: 20262 | V30: 21882.042 | W30: 3.6279757e+08 | X30: 17267 | Y30: 21011.036
Q31: Q5107 | R31: Mvasi | S31: Bevacizumab-Awwb | W31: 336344276 | X31: 15239 | Y31: 22071.283
Q32: J9264 | R32: Abraxane | S32: Paclitaxel Protein-Bound | T32: 2.6632098e+08 | U32: 16427 | V32: 16212.393 | W32: 3.3390554e+08 | X32: 16663 | Y32: 20038.741
Q33: J1459 | R33: Privigen | S33: Immun Glob G(Igg)/Pro/Iga 0-50 | T33: 2.7436029e+08 | U33: 13725 | V33: 19989.821 | W33: 3.1173218e+08 | X33: 12064 | Y33: 25839.869
Q34: J9047 | R34: Kyprolis | S34: Carfilzomib | T34: 2.4815098e+08 | U34: 5512 | V34: 45020.135 | W34: 3.0819717e+08 | X34: 5799 | Y34: 53146.606
Q35: J3241 | R35: Tepezza | S35: Teprotumumab-Trbw | W35: 3.0269326e+08 | X35: 1163 | Y35: 260269.35
Q36: J9306 | R36: Perjeta | S36: Pertuzumab | T36: 2.6999128e+08 | U36: 7582 | V36: 35609.507 | W36: 2.9903379e+08 | X36: 7456 | Y36: 40106.464
Q37: J3262 | R37: Actemra* | S37: Tocilizumab* | T37: 2.2983152e+08 | U37: 12767 | V37: 18001.999 | W37: 2.885975e+08 | X37: 13804 | Y37: 20906.803
Q38: Q5119 | R38: Ruxience | S38: Rituximab-Pvvr | W38: 2.8850121e+08 | X38: 16546 | Y38: 17436.312
Q39: 90694 | R39: Fluad Quad 2020-2021* | S39: Flu Vacc QS2020(65up)/Mf59c/PF* | W39: 2.6925721e+08 | X39: 4239703 | Y39: 63.508508
Q40: J0896 | R40: Reblozyl | S40: Luspatercept-Aamt | W40: 2.6619136e+08 | X40: 2412 | Y40: 110361.26
Q41: J3357 | R41: Stelara (J3357) | S41: Ustekinumab | T41: 1.5322342e+08 | U41: 4256 | V41: 36001.743 | W41: 2.5425381e+08 | X41: 5471 | Y41: 46473.005
Q42: J7686 | R42: Tyvaso* | S42: Treprostinil* | T42: 1.8616359e+08 | U42: 1489 | V42: 125025.92 | W42: 2.5387501e+08 | X42: 1713 | Y42: 148204.91
Q43: J2796 | R43: NPlate | S43: Romiplostim | T43: 2.1660398e+08 | U43: 4277 | V43: 50643.904 | W43: 248357392 | X43: 4961 | Y43: 50061.962
Q44: J1568 | R44: Octagam | S44: Immun Globg(Igg)/Malt/Iga Ov50 | T44: 171666328 | U44: 10347 | V44: 16590.928 | W44: 2.4338734e+08 | X44: 9609 | Y44: 25329.101
Q45: Q5115 | R45: Truxima | S45: Rituximab-Abbs | W45: 2.3356605e+08 | X45: 13932 | Y45: 16764.718
Q46: J9217 | R46: Eligard* | S46: Leuprolide Acetate* | T46: 2.7187337e+08 | U46: 158975 | V46: 1710.1643 | W46: 224127403 | X46: 155959 | Y46: 1437.0918
Q47: J9355 | R47: Herceptin | S47: Trastuzumab | T47: 821766302 | U47: 20586 | V47: 39918.697 | W47: 2.2370977e+08 | X47: 6944 | Y47: 32216.269
Q48: J1559 | R48: Hizentra | S48: Immun Glob G(Igg)/Pro/Iga 0-50 | T48: 1.3901393e+08 | U48: 3536 | V48: 39313.896 | W48: 2.2255265e+08 | X48: 4551 | Y48: 48901.923
Q49: J2182 | R49: Nucala | S49: Mepolizumab | T49: 1.1848456e+08 | U49: 5563 | V49: 21298.68 | W49: 2.1051871e+08 | X49: 8141 | Y49: 25859.072
Q50: J2323 | R50: Tysabri | S50: Natalizumab | T50: 2.3499647e+08 | U50: 5623 | V50: 41792.01 | W50: 2.0801722e+08 | X50: 4208 | Y50: 49433.749
Q51: J0517 | R51: Fasenra | S51: Benralizumab | W51: 1.9748208e+08 | X51: 8456 | Y51: 23354.078
Q52: J3111 | R52: Evenity (2 Syringes) | S52: Romosozumab-Aqqg | W52: 1.9588896e+08 | X52: 19410 | Y52: 10092.167
Q53: J9354 | R53: Kadcyla | S53: Ado-Trastuzumab Emtansine | T53: 1.1356204e+08 | U53: 2331 | V53: 48718.162 | W53: 1.8246359e+08 | X53: 3501 | Y53: 52117.563
Q54: J7605 | R54: Arformoterol Tartrate* | S54: Arformoterol Tartrate* | T54: 2.1125109e+08 | U54: 55484 | V54: 3807.4235 | W54: 1.8131439e+08 | X54: 41127 | Y54: 4408.6462
Q55: J9119 | R55: Libtayo | S55: Cemiplimab-Rwlc | W55: 1.7947004e+08 | X55: 2704 | Y55: 66372.057
Q56: J7170 | R56: Hemlibra | S56: Emicizumab-Kxwh | W56: 1.7863841e+08 | X56: 358 | Y56: 498989.98
Q57: J0881 | R57: Aranesp (J0881) | S57: Darbepoetin Alfa In Polysorbat | T57: 2.4128251e+08 | U57: 50410 | V57: 4786.4016 | W57: 1.7767029e+08 | X57: 41577 | Y57: 4273.283
Q58: J1303 | R58: Ultomiris | S58: Ravulizumab-Cwvz | W58: 1.7765413e+08 | X58: 510 | Y58: 348341.43
Q59: Q5118 | R59: Zirabev | S59: Bevacizumab-Bvzr | W59: 1.7247189e+08 | X59: 7335 | Y59: 23513.55
Q60: J9042 | R60: Adcetris | S60: Brentuximab Vedotin | T60: 1.1714253e+08 | U60: 1429 | V60: 81975.177 | W60: 1.6438336e+08 | X60: 1660 | Y60: 99026.12
Q61: J1439 | R61: Injectafer | S61: Ferric Carboxymaltose | T61: 1.4061243e+08 | U61: 88696 | V61: 1585.33 | W61: 1.6194223e+08 | X61: 96072 | Y61: 1685.634
Q62: J2507 | R62: Krystexxa | S62: Pegloticase | T62: 72284678 | U62: 620 | V62: 116588.19 | W62: 1.6019775e+08 | X62: 907 | Y62: 176623.76
Q63: Q5111 | R63: Udenyca | S63: Pegfilgrastim-Cbqv | W63: 1.6004288e+08 | X63: 15627 | Y63: 10241.433
Q64: Q5117 | R64: Kanjinti | S64: Trastuzumab-Anns | W64: 1.5930983e+08 | X64: 7550 | Y64: 21100.64
Q65: J1817 | R65: Fiasp Penfill* | S65: Insulin Aspart (Niacinamide)* | T65: 1.2146652e+08 | U65: 25821 | V65: 4704.1757 | W65: 1.5674416e+08 | X65: 32751 | Y65: 4785.935
Q66: J3285 | R66: Remodulin* | S66: Treprostinil Sodium* | T66: 1.7477376e+08 | U66: 1194 | V66: 146376.69 | W66: 1.5590355e+08 | X66: 1058 | Y66: 147356.85
Q67: J9177 | R67: Padcev | S67: Enfortumab Vedotin-Ejfv | W67: 1.5435558e+08 | X67: 1664 | Y67: 92761.765
Q68: Q2043 | R68: Provenge | S68: Sipuleucel-T/Lactated Ringers | T68: 1.8852696e+08 | U68: 1759 | V68: 107178.49 | W68: 1.5358375e+08 | X68: 1136 | Y68: 135196.96
Q69: J3245 | R69: Ilumya | S69: Tildrakizumab-Asmn | W69: 1.4458376e+08 | X69: 3590 | Y69: 40274.027
Q70: 90732 | R70: Pneumovax 23 | S70: Pneumococcal 23-Val P-Sac Vac | T70: 1.8637894e+08 | U70: 1874731 | V70: 99.416364 | W70: 1.4268961e+08 | X70: 1200530 | Y70: 118.85552
Q71: J9043 | R71: Jevtana | S71: Cabazitaxel | T71: 97176724 | U71: 2618 | V71: 37118.688 | W71: 1.4165345e+08 | X71: 3146 | Y71: 45026.525
Q72: J9055 | R72: Erbitux | S72: Cetuximab | T72: 1.8234636e+08 | U72: 6476 | V72: 28157.252 | W72: 1.3853266e+08 | X72: 3960 | Y72: 34982.994
Q73: J7677 | R73: Yupelri | S73: Revefenacin | W73: 1.3816455e+08 | X73: 24246 | Y73: 5698.4474
Q74: J9301 | R74: Gazyva | S74: Obinutuzumab | T74: 95639692 | U74: 3407 | V74: 28071.527 | W74: 1.3766977e+08 | X74: 4694 | Y74: 29328.881
Q75: J2785 | R75: Lexiscan | S75: Regadenoson | T75: 1.3074912e+08 | U75: 594382 | V75: 219.97489 | W75: 1.3196156e+08 | X75: 557917 | Y75: 236.52543
Q76: J7606 | R76: Formoterol Fumarate* | S76: Formoterol Fumarate* | T76: 1.1366028e+08 | U76: 29209 | V76: 3891.2759 | W76: 1.3101758e+08 | X76: 32212 | Y76: 4067.3532
Q77: 90670 | R77: Prevnar 13 | S77: Pneumococcal 13-Valent Vaccine | T77: 4.3279375e+08 | U77: 2267575 | V77: 190.86193 | W77: 1.2903379e+08 | X77: 555013 | Y77: 232.48788
Q78: J9034 | R78: Bendeka | S78: Bendamustine HCL | T78: 2.3316955e+08 | U78: 9870 | V78: 23624.068 | W78: 1.2015819e+08 | X78: 6368 | Y78: 18869.063
Q79: J9308 | R79: Cyramza | S79: Ramucirumab | T79: 1.0025475e+08 | U79: 3070 | V79: 32656.269 | W79: 116423797 | X79: 3186 | Y79: 36542.309
Q80: J0256 | R80: Aralast NP* | S80: Alpha-1-Proteinase Inhibitor* | T80: 96005578 | U80: 1319 | V80: 72786.64 | W80: 1.1147253e+08 | X80: 1399 | Y80: 79680.152
Q81: J9358 | R81: Enhertu | S81: Fam-Trastuzumab Deruxtecn-Nxki | W81: 1.0911897e+08 | X81: 1904 | Y81: 57310.386
Q82: J7503 | R82: Envarsus Xr | S82: Tacrolimus | T82: 23024146 | U82: 3687 | V82: 6244.6829 | W82: 102552113 | X82: 13838 | Y82: 7410.9057
Q83: J0490 | R83: Benlysta | S83: Belimumab | T83: 84899149 | U83: 3278 | V83: 25899.679 | W83: 1.0238234e+08 | X83: 3406 | Y83: 30059.406
Q84: J7192 | R84: Advate* | S84: Antihemophil.FVIII,full Length* | T84: 1.8005069e+08 | U84: 768 | V84: 234441 | W84: 1.0231939e+08 | X84: 623 | Y84: 164236.59
Q85: J9303 | R85: Vectibix | S85: Panitumumab | T85: 93716501 | U85: 2747 | V85: 34115.945 | W85: 1.0006572e+08 | X85: 2525 | Y85: 39629.986
Q86: J9395 | R86: Faslodex* | S86: Fulvestrant* | T86: 2.4919536e+08 | U86: 18966 | V86: 13139.057 | W86: 99529826 | X86: 19829 | Y86: 5019.4073
Q87: J9176 | R87: Empliciti | S87: Elotuzumab | T87: 84704011 | U87: 1541 | V87: 54966.912 | W87: 97730346 | X87: 1554 | Y87: 62889.54
Q88: J9317 | R88: Trodelvy | S88: Sacituzumab Govitecan-Hziy | W88: 96029681 | X88: 1376 | Y88: 69789.012
Q89: J9223 | R89: Zepzelca | S89: Lurbinectedin | W89: 88260768 | X89: 1878 | Y89: 46997.214
Q90: Q5106 | R90: Retacrit (Q5106) | S90: Epoetin Alfa-Epbx | T90: 261027.51 | U90: 340 | V90: 767.72797 | W90: 87251750 | X90: 37266 | Y90: 2341.3232
Q91: Q0138 | R91: Feraheme (Q0138) | S91: Ferumoxytol | T91: 61123991 | U91: 56133 | V91: 1088.9137 | W91: 86557906 | X91: 75175 | Y91: 1151.4188
Q92: Q5120 | R92: Ziextenzo | S92: Pegfilgrastim-Bmez | W92: 85195358 | X92: 7991 | Y92: 10661.414
Q93: J0222 | R93: Onpattro | S93: Patisiran Sodium,lipid Complex | W93: 82896519 | X93: 279 | Y93: 297120.14
Q94: J1555 | R94: Cuvitru | S94: Immun Glob G(Igg)/Gly/Iga Ov50 | T94: 49216545 | U94: 1002 | V94: 49118.308 | W94: 81924221 | X94: 1359 | Y94: 60282.724
Q95: J9023 | R95: Bavencio | S95: Avelumab | T95: 33977995 | U95: 550 | V95: 61778.173 | W95: 79095180 | X95: 1323 | Y95: 59784.717
Q96: J7518 | R96: Mycophenolic Acid* | S96: Mycophenolate Sodium* | T96: 1.2254784e+08 | U96: 32438 | V96: 3777.9098 | W96: 75697918 | X96: 32505 | Y96: 2328.8084
Q97: Q5108 | R97: Fulphila | S97: Pegfilgrastim-Jmdb | T97: 16806704 | U97: 1723 | V97: 9754.3263 | W97: 75403321 | X97: 8069 | Y97: 9344.8161
Q98: J0485 | R98: Nulojix | S98: Belatacept | T98: 36533957 | U98: 2640 | V98: 13838.62 | W98: 74281399 | X98: 5174 | Y98: 14356.668
Q99: Q5103 | R99: Inflectra | S99: Infliximab-Dyyb | T99: 65048865 | U99: 5510 | V99: 11805.602 | W99: 71993955 | X99: 7268 | Y99: 9905.6074
Q100: J9311 | R100: Rituxan Hycela | S100: Rituximab/Hyaluronidase,human | W100: 68338781 | X100: 3580 | Y100: 19089.045
...

Sheet TOP10
B1: TOP 10 MEDICATIONS WITH THE HIGHEST PMPM INCREASE (2018-2021) | Q1: YEAR | R1: BENES_FFS_CNT | T1: HCPCS_Cd | U1: Brnd_Name | V1: Tot_Spndng_2018 | W1: Tot_Spndng_2021 | X1: PMPM_2018 | Y1: PMPM_2021 | Z1: PMPM_CHANGE
B2: HCPCS_Cd | C2: Brnd_Name | D2: Tot_Spndng_2018 | E2: Tot_Spndng_2021 | F2: PMPM_2018 | G2: PMPM_2021 | H2: PMPM_CHANGE | Q2: 2018 | R2: 33503234 | T2: J9271 | U2: Keytruda | V2: 1813727267 | W2: 3966530837 | X2: =V2/(R$2*12) -> 4.5113239 | Y2: =W2/(R$3*12) -> 10.697093 | Z2: =Y2-X2 -> 6.1857694
A3: 1 | B3: J9271 | C3: Keytruda | D3: 1813727267 | E3: 3966530837 | F3: 4.5113239 | G3: 10.697093 | H3: 6.1857694 | Q3: 2021 | R3: 30900379 | T3: J9144 | U3: Darzalex Faspro | W3: 1046702030 | X3: =V3/(R$2*12) -> 0 | Y3: =W3/(R$3*12) -> 2.8227864 | Z3: =Y3-X3 -> 2.8227864
A4: 2 | B4: J9144 | C4: Darzalex Faspro | E4: 1046702030 | F4: 0 | G4: 2.8227864 | H4: 2.8227864 | T4: J0178 | U4: Eylea | V4: 2573938387 | W4: 3415890772 | X4: =V4/(R$2*12) -> 6.4022138 | Y4: =W4/(R$3*12) -> 9.2121059 | Z4: =Y4-X4 -> 2.8098922
A5: 3 | B5: J0178 | C5: Eylea | D5: 2573938387 | E5: 3415890772 | F5: 6.4022138 | G5: 9.2121059 | H5: 2.8098922 | T5: J9312 | U5: Rituxan | W5: 7.6556021e+08 | X5: =V5/(R$2*12) -> 0 | Y5: =W5/(R$3*12) -> 2.0645923 | Z5: =Y5-X5 -> 2.0645923
A6: 4 | B6: J9312 | C6: Rituxan | E6: 7.6556021e+08 | F6: 0 | G6: 2.0645923 | H6: 2.0645923 | T6: J0897 | U6: Prolia* | V6: 1416968973 | W6: 1780811015 | X6: =V6/(R$2*12) -> 3.5244582 | Y6: =W6/(R$3*12) -> 4.8025598 | Z6: =Y6-X6 -> 1.2781016
A7: 5 | B7: J0897 | C7: Prolia* | D7: 1416968973 | E7: 1780811015 | F7: 3.5244582 | G7: 4.8025598 | H7: 1.2781016 | T7: J9173 | U7: Imfinzi | W7: 4.5354457e+08 | X7: =V7/(R$2*12) -> 0 | Y7: =W7/(R$3*12) -> 1.2231365 | Z7: =Y7-X7 -> 1.2231365
A8: 6 | B8: J9173 | C8: Imfinzi | E8: 4.5354457e+08 | F8: 0 | G8: 1.2231365 | H8: 1.2231365 | T8: J9022 | U8: Tecentriq | V8: 2.4075821e+08 | W8: 6.560749e+08 | X8: =V8/(R$2*12) -> 0.59884321 | Y8: =W8/(R$3*12) -> 1.7693281 | Z8: =Y8-X8 -> 1.1704849
A9: 7 | B9: J9022 | C9: Tecentriq | D9: 2.4075821e+08 | E9: 6.560749e+08 | F9: 0.59884321 | G9: 1.7693281 | H9: 1.1704849 | T9: Q5107 | U9: Mvasi | W9: 336344276 | X9: =V9/(R$2*12) -> 0 | Y9: =W9/(R$3*12) -> 0.90706621 | Z9: =Y9-X9 -> 0.90706621
A10: 8 | B10: Q5107 | C10: Mvasi | E10: 336344276 | F10: 0 | G10: 0.90706621 | H10: 0.90706621 | T10: J3241 | U10: Tepezza | W10: 3.0269326e+08 | X10: =V10/(R$2*12) -> 0 | Y10: =W10/(R$3*12) -> 0.81631485 | Z10: =Y10-X10 -> 0.81631485
A11: 9 | B11: J3241 | C11: Tepezza | E11: 3.0269326e+08 | F11: 0 | G11: 0.81631485 | H11: 0.81631485 | T11: J3380 | U11: Entyvio | V11: 2.4300713e+08 | W11: 5.265282e+08 | X11: =V11/(R$2*12) -> 0.604437 | Y11: =W11/(R$3*12) -> 1.4199615 | Z11: =Y11-X11 -> 0.81552454
A12: 10 | B12: J3380 | C12: Entyvio | D12: 2.4300713e+08 | E12: 5.265282e+08 | F12: 0.604437 | G12: 1.4199615 | H12: 0.81552454 | T12: Q5119 | U12: Ruxience | W12: 2.8850121e+08 | X12: =V12/(R$2*12) -> 0 | Y12: =W12/(R$3*12) -> 0.77804119 | Z12: =Y12-X12 -> 0.77804119
T13: J1300 | U13: Soliris | V13: 3.9579614e+08 | W13: 6.4245117e+08 | X13: =V13/(R$2*12) -> 0.98447247 | Y13: =W13/(R$3*12) -> 1.7325871 | Z13: =Y13-X13 -> 0.7481146
T14: 90694 | U14: Fluad Quad 2020-2021* | W14: 2.6925721e+08 | X14: =V14/(R$2*12) -> 0 | Y14: =W14/(R$3*12) -> 0.72614323 | Z14: =Y14-X14 -> 0.72614323
T15: J0896 | U15: Reblozyl | W15: 2.6619136e+08 | X15: =V15/(R$2*12) -> 0 | Y15: =W15/(R$3*12) -> 0.71787512 | Z15: =Y15-X15 -> 0.71787512
T16: J0129 | U16: Orencia* | V16: 7.9928609e+08 | W16: 9.8894374e+08 | X16: =V16/(R$2*12) -> 1.9880819 | Y16: =W16/(R$3*12) -> 2.6670216 | Z16: =Y16-X16 -> 0.67893968
T17: Q5115 | U17: Truxima | W17: 2.3356605e+08 | X17: =V17/(R$2*12) -> 0 | Y17: =W17/(R$3*12) -> 0.62988993 | Z17: =Y17-X17 -> 0.62988993
T18: J1930 | U18: Somatuline Depot | V18: 2.0709949e+08 | W18: 3.9895848e+08 | X18: =V18/(R$2*12) -> 0.51512312 | Y18: =W18/(R$3*12) -> 1.0759266 | Z18: =Y18-X18 -> 0.56080348
T19: J0517 | U19: Fasenra | W19: 1.9748208e+08 | X19: =V19/(R$2*12) -> 0 | Y19: =W19/(R$3*12) -> 0.5325773 | Z19: =Y19-X19 -> 0.5325773
T20: J3111 | U20: Evenity (2 Syringes) | W20: 1.9588896e+08 | X20: =V20/(R$2*12) -> 0 | Y20: =W20/(R$3*12) -> 0.5282809 | Z20: =Y20-X20 -> 0.5282809
T21: J9119 | U21: Libtayo | W21: 1.7947004e+08 | X21: =V21/(R$2*12) -> 0 | Y21: =W21/(R$3*12) -> 0.48400173 | Z21: =Y21-X21 -> 0.48400173
T22: J7170 | U22: Hemlibra | W22: 1.7863841e+08 | X22: =V22/(R$2*12) -> 0 | Y22: =W22/(R$3*12) -> 0.48175896 | Z22: =Y22-X22 -> 0.48175896
T23: J1303 | U23: Ultomiris | W23: 1.7765413e+08 | X23: =V23/(R$2*12) -> 0 | Y23: =W23/(R$3*12) -> 0.47910451 | Z23: =Y23-X23 -> 0.47910451
T24: Q5118 | U24: Zirabev | W24: 1.7247189e+08 | X24: =V24/(R$2*12) -> 0 | Y24: =W24/(R$3*12) -> 0.46512883 | Z24: =Y24-X24 -> 0.46512883
T25: J0717 | U25: Cimzia | V25: 3.6637106e+08 | W25: 5.0015267e+08 | X25: =V25/(R$2*12) -> 0.91128283 | Y25: =W25/(R$3*12) -> 1.348831 | Z25: =Y25-X25 -> 0.43754818
T26: Q5111 | U26: Udenyca | W26: 1.6004288e+08 | X26: =V26/(R$2*12) -> 0 | Y26: =W26/(R$3*12) -> 0.43160981 | Z26: =Y26-X26 -> 0.43160981
T27: J9228 | U27: Yervoy | V27: 2.6950042e+08 | W27: 4.080913e+08 | X27: =V27/(R$2*12) -> 0.67033433 | Y27: =W27/(R$3*12) -> 1.1005564 | Z27: =Y27-X27 -> 0.43022202
T28: Q5117 | U28: Kanjinti | W28: 1.5930983e+08 | X28: =V28/(R$2*12) -> 0 | Y28: =W28/(R$3*12) -> 0.42963289 | Z28: =Y28-X28 -> 0.42963289
T29: J2350 | U29: Ocrevus | V29: 4.8883213e+08 | W29: 6.0820341e+08 | X29: =V29/(R$2*12) -> 1.2158829 | Y29: =W29/(R$3*12) -> 1.6402264 | Z29: =Y29-X29 -> 0.42434345
T30: J1569 | U30: Gammagard Liquid | V30: 3.7889106e+08 | W30: 5.0458623e+08 | X30: =V30/(R$2*12) -> 0.9424241 | Y30: =W30/(R$3*12) -> 1.3607876 | Z30: =Y30-X30 -> 0.4183635
T31: J9177 | U31: Padcev | W31: 1.5435558e+08 | X31: =V31/(R$2*12) -> 0 | Y31: =W31/(R$3*12) -> 0.41627207 | Z31: =Y31-X31 -> 0.41627207
T32: J3245 | U32: Ilumya | W32: 1.4458376e+08 | X32: =V32/(R$2*12) -> 0 | Y32: =W32/(R$3*12) -> 0.38991905 | Z32: =Y32-X32 -> 0.38991905
T33: J7677 | U33: Yupelri | W33: 1.3816455e+08 | X33: =V33/(R$2*12) -> 0 | Y33: =W33/(R$3*12) -> 0.3726075 | Z33: =Y33-X33 -> 0.3726075
T34: J3357 | U34: Stelara (J3357) | V34: 1.5322342e+08 | W34: 2.5425381e+08 | X34: =V34/(R$2*12) -> 0.38111599 | Y34: =W34/(R$3*12) -> 0.68568148 | Z34: =Y34-X34 -> 0.30456549
T35: J9358 | U35: Enhertu | W35: 1.0911897e+08 | X35: =V35/(R$2*12) -> 0 | Y35: =W35/(R$3*12) -> 0.29427626 | Z35: =Y35-X35 -> 0.29427626
T36: J2182 | U36: Nucala | V36: 1.1848456e+08 | W36: 2.1051871e+08 | X36: =V36/(R$2*12) -> 0.29470926 | Y36: =W36/(R$3*12) -> 0.56773497 | Z36: =Y36-X36 -> 0.27302571
T37: J1602 | U37: Simponi Aria | V37: 2.967702e+08 | W37: 3.7006397e+08 | X37: =V37/(R$2*12) -> 0.73816307 | Y37: =W37/(R$3*12) -> 0.99800279 | Z37: =Y37-X37 -> 0.25983972
T38: J9317 | U38: Trodelvy | W38: 96029681 | X38: =V38/(R$2*12) -> 0 | Y38: =W38/(R$3*12) -> 0.25897654 | Z38: =Y38-X38 -> 0.25897654
T39: J1559 | U39: Hizentra | V39: 1.3901393e+08 | W39: 2.2255265e+08 | X39: =V39/(R$2*12) -> 0.34577243 | Y39: =W39/(R$3*12) -> 0.60018857 | Z39: =Y39-X39 -> 0.25441615
T40: J2507 | U40: Krystexxa | V40: 72284678 | W40: 1.6019775e+08 | X40: =V40/(R$2*12) -> 0.17979528 | Y40: =W40/(R$3*12) -> 0.43202746 | Z40: =Y40-X40 -> 0.25223219
T41: J9264 | U41: Abraxane | V41: 2.6632098e+08 | W41: 3.3390554e+08 | X41: =V41/(R$2*12) -> 0.66242606 | Y41: =W41/(R$3*12) -> 0.90048932 | Z41: =Y41-X41 -> 0.23806327
T42: J9223 | U42: Zepzelca | W42: 88260768 | X42: =V42/(R$2*12) -> 0 | Y42: =W42/(R$3*12) -> 0.23802504 | Z42: =Y42-X42 -> 0.23802504
T43: Q5106 | U43: Retacrit (Q5106) | V43: 261027.51 | W43: 87251750 | X43: =V43/(R$2*12) -> 0.00064925949 | Y43: =W43/(R$3*12) -> 0.23530388 | Z43: =Y43-X43 -> 0.23465462
T44: Q5120 | U44: Ziextenzo | W44: 85195358 | X44: =V44/(R$2*12) -> 0 | Y44: =W44/(R$3*12) -> 0.22975813 | Z44: =Y44-X44 -> 0.22975813
T45: J1568 | U45: Octagam | V45: 171666328 | W45: 2.4338734e+08 | X45: =V45/(R$2*12) -> 0.42698945 | Y45: =W45/(R$3*12) -> 0.65637635 | Z45: =Y45-X45 -> 0.2293869
T46: J0222 | U46: Onpattro | W46: 82896519 | X46: =V46/(R$2*12) -> 0 | Y46: =W46/(R$3*12) -> 0.22355853 | Z46: =Y46-X46 -> 0.22355853
T47: J7686 | U47: Tyvaso* | V47: 1.8616359e+08 | W47: 2.5387501e+08 | X47: =V47/(R$2*12) -> 0.46304882 | Y47: =W47/(R$3*12) -> 0.6846599 | Z47: =Y47-X47 -> 0.22161109
T48: J1561 | U48: Gammaked* | V48: 3.7045694e+08 | W48: 4.2359115e+08 | X48: =V48/(R$2*12) -> 0.92144573 | Y48: =W48/(R$3*12) -> 1.1423569 | Z48: =Y48-X48 -> 0.22091121
T49: J7503 | U49: Envarsus Xr | V49: 23024146 | W49: 102552113 | X49: =V49/(R$2*12) -> 0.057268466 | Y49: =W49/(R$3*12) -> 0.27656649 | Z49: =Y49-X49 -> 0.21929803
T50: J9047 | U50: Kyprolis | V50: 2.4815098e+08 | W50: 3.0819717e+08 | X50: =V50/(R$2*12) -> 0.61723142 | Y50: =W50/(R$3*12) -> 0.831158 | Z50: =Y50-X50 -> 0.21392658
T51: J9354 | U51: Kadcyla | V51: 1.1356204e+08 | W51: 1.8246359e+08 | X51: =V51/(R$2*12) -> 0.28246536 | Y51: =W51/(R$3*12) -> 0.49207484 | Z51: =Y51-X51 -> 0.20960948
T52: J3262 | U52: Actemra* | V52: 2.2983152e+08 | W52: 2.885975e+08 | X52: =V52/(R$2*12) -> 0.57166502 | Y52: =W52/(R$3*12) -> 0.77830087 | Z52: =Y52-X52 -> 0.20663585
T53: J9311 | U53: Rituxan Hycela | W53: 68338781 | X53: =V53/(R$2*12) -> 0 | Y53: =W53/(R$3*12) -> 0.18429866 | Z53: =Y53-X53 -> 0.18429866
T54: J0179 | U54: Beovu | W54: 66538896 | X54: =V54/(R$2*12) -> 0 | Y54: =W54/(R$3*12) -> 0.17944466 | Z54: =Y54-X54 -> 0.17944466
T55: J3304 | U55: Zilretta | W55: 63872984 | X55: =V55/(R$2*12) -> 0 | Y55: =W55/(R$3*12) -> 0.17225513 | Z55: =Y55-X55 -> 0.17225513
T56: Q5116 | U56: Trazimera | W56: 59996202 | X56: =V56/(R$2*12) -> 0 | Y56: =W56/(R$3*12) -> 0.16180007 | Z56: =Y56-X56 -> 0.16180007
T57: Q5108 | U57: Fulphila | V57: 16806704 | W57: 75403321 | X57: =V57/(R$2*12) -> 0.041803686 | Y57: =W57/(R$3*12) -> 0.20335058 | Z57: =Y57-X57 -> 0.1615469
T58: J1459 | U58: Privigen | V58: 2.7436029e+08 | W58: 3.1173218e+08 | X58: =V58/(R$2*12) -> 0.68242241 | Y58: =W58/(R$3*12) -> 0.84069137 | Z58: =Y58-X58 -> 0.15826896
T59: J9042 | U59: Adcetris | V59: 1.1714253e+08 | W59: 1.6438336e+08 | X59: =V59/(R$2*12) -> 0.2913712 | Y59: =W59/(R$3*12) -> 0.44331538 | Z59: =Y59-X59 -> 0.15194419
T60: J7340 | U60: Duopa | W60: 56144672 | X60: =V60/(R$2*12) -> 0 | Y60: =W60/(R$3*12) -> 0.15141312 | Z60: =Y60-X60 -> 0.15141312
T61: Q4186 | U61: Epifix 1 sq cm | W61: 55200910 | X61: =V61/(R$2*12) -> 0 | Y61: =W61/(R$3*12) -> 0.14886794 | Z61: =Y61-X61 -> 0.14886794
T62: J9204 | U62: Poteligeo | W62: 52270180 | X62: =V62/(R$2*12) -> 0 | Y62: =W62/(R$3*12) -> 0.14096424 | Z62: =Y62-X62 -> 0.14096424
T63: J9043 | U63: Jevtana | V63: 97176724 | W63: 1.4165345e+08 | X63: =V63/(R$2*12) -> 0.24170981 | Y63: =W63/(R$3*12) -> 0.38201648 | Z63: =Y63-X63 -> 0.14030667
T64: 90662 | U64: Fluzone High-Dose 2015-2016* | V64: 4.6122975e+08 | W64: 4.7705315e+08 | X64: =V64/(R$2*12) -> 1.1472269 | Y64: =W64/(R$3*12) -> 1.2865353 | Z64: =Y64-X64 -> 0.13930838
T65: J2353 | U65: Sandostatin Lar* | V65: 4.1414237e+08 | W65: 432652274 | X65: =V65/(R$2*12) -> 1.0301055 | Y65: =W65/(R$3*12) -> 1.1667933 | Z65: =Y65-X65 -> 0.13668787
T66: J9306 | U66: Perjeta | V66: 2.6999128e+08 | W66: 2.9903379e+08 | X66: =V66/(R$2*12) -> 0.67155527 | Y66: =W66/(R$3*12) -> 0.80644586 | Z66: =Y66-X66 -> 0.13489059
T67: J9301 | U67: Gazyva | V67: 95639692 | W67: 1.3766977e+08 | X67: =V67/(R$2*12) -> 0.23788672 | Y67: =W67/(R$3*12) -> 0.37127313 | Z67: =Y67-X67 -> 0.13338642
T68: J2796 | U68: NPlate | V68: 2.1660398e+08 | W68: 248357392 | X68: =V68/(R$2*12) -> 0.53876385 | Y68: =W68/(R$3*12) -> 0.66977979 | Z68: =Y68-X68 -> 0.13101593
T69: J9023 | U69: Bavencio | V69: 33977995 | W69: 79095180 | X69: =V69/(R$2*12) -> 0.084514217 | Y69: =W69/(R$3*12) -> 0.21330693 | Z69: =Y69-X69 -> 0.12879272
T70: Q5114 | U70: Ogivri | W70: 46807920 | X70: =V70/(R$2*12) -> 0 | Y70: =W70/(R$3*12) -> 0.1262334 | Z70: =Y70-X70 -> 0.1262334
T71: J0585 | U71: Botox* | V71: 3.4839152e+08 | W71: 3.6644106e+08 | X71: =V71/(R$2*12) -> 0.86656191 | Y71: =W71/(R$3*12) -> 0.98823238 | Z71: =Y71-X71 -> 0.12167047
T72: Q5104 | U72: Renflexis | V72: 6527098.1 | W72: 51022400 | X72: =V72/(R$2*12) -> 0.016234995 | Y72: =W72/(R$3*12) -> 0.13759917 | Z72: =Y72-X72 -> 0.12136418
T73: J1817 | U73: Fiasp Penfill* | V73: 1.2146652e+08 | W73: 1.5674416e+08 | X73: =V73/(R$2*12) -> 0.30212635 | Y73: =W73/(R$3*12) -> 0.42271368 | Z73: =Y73-X73 -> 0.12058733
T74: J9305 | U74: Alimta | V74: 4.7136965e+08 | W74: 4.7738148e+08 | X74: =V74/(R$2*12) -> 1.1724481 | Y74: =W74/(R$3*12) -> 1.2874208 | Z74: =Y74-X74 -> 0.11497264
T75: J9309 | U75: Polivy | W75: 42318868 | X75: =V75/(R$2*12) -> 0 | Y75: =W75/(R$3*12) -> 0.11412715 | Z75: =Y75-X75 -> 0.11412715
T76: J0485 | U76: Nulojix | V76: 36533957 | W76: 74281399 | X76: =V76/(R$2*12) -> 0.090871717 | Y76: =W76/(R$3*12) -> 0.20032494 | Z76: =Y76-X76 -> 0.10945322
T77: J2357 | U77: Xolair | V77: 3.9508335e+08 | W77: 4.019208e+08 | X77: =V77/(R$2*12) -> 0.98269954 | Y77: =W77/(R$3*12) -> 1.0839155 | Z77: =Y77-X77 -> 0.10121598
T78: J1555 | U78: Cuvitru | V78: 49216545 | W78: 81924221 | X78: =V78/(R$2*12) -> 0.1224174 | Y78: =W78/(R$3*12) -> 0.2209364 | Z78: =Y78-X78 -> 0.098519
T79: Q4196 | U79: Puraply am 1 sq cm | W79: 35024437 | X79: =V79/(R$2*12) -> 0 | Y79: =W79/(R$3*12) -> 0.094455253 | Z79: =Y79-X79 -> 0.094455253
T80: J9349 | U80: Monjuvi | W80: 32609272 | X80: =V80/(R$2*12) -> 0 | Y80: =W80/(R$3*12) -> 0.087941942 | Z80: =Y80-X80 -> 0.087941942
T81: J1439 | U81: Injectafer | V81: 1.4061243e+08 | W81: 1.6194223e+08 | X81: =V81/(R$2*12) -> 0.34974839 | Y81: =W81/(R$3*12) -> 0.43673204 | Z81: =Y81-X81 -> 0.086983653
T82: J9037 | U82: Blenrep | W82: 31749711 | X82: =V82/(R$2*12) -> 0 | Y82: =W82/(R$3*12) -> 0.085623844 | Z82: =Y82-X82 -> 0.085623844
T83: J0791 | U83: Adakveo | W83: 31071224 | X83: =V83/(R$2*12) -> 0 | Y83: =W83/(R$3*12) -> 0.083794075 | Z83: =Y83-X83 -> 0.083794075
T84: Q0138 | U84: Feraheme (Q0138) | V84: 61123991 | W84: 86557906 | X84: =V84/(R$2*12) -> 0.15203505 | Y84: =W84/(R$3*12) -> 0.2334327 | Z84: =Y84-X84 -> 0.081397647
T85: J9227 | U85: Sarclisa | W85: 28633447 | X85: =V85/(R$2*12) -> 0 | Y85: =W85/(R$3*12) -> 0.077219784 | Z85: =Y85-X85 -> 0.077219784
T86: J0185 | U86: Cinvanti | W86: 27803163 | X86: =V86/(R$2*12) -> 0 | Y86: =W86/(R$3*12) -> 0.074980643 | Z86: =Y86-X86 -> 0.074980643
T87: Q5122 | U87: Nyvepria | W87: 26671091 | X87: =V87/(R$2*12) -> 0 | Y87: =W87/(R$3*12) -> 0.071927625 | Z87: =Y87-X87 -> 0.071927625
T88: J9281 | U88: Jelmyto | W88: 26431754 | X88: =V88/(R$2*12) -> 0 | Y88: =W88/(R$3*12) -> 0.071282174 | Z88: =Y88-X88 -> 0.071282174
T89: J7606 | U89: Formoterol Fumarate* | V89: 1.1366028e+08 | W89: 1.3101758e+08 | X89: =V89/(R$2*12) -> 0.28270972 | Y89: =W89/(R$3*12) -> 0.35333327 | Z89: =Y89-X89 -> 0.070623552
T90: J7202 | U90: Idelvion | V90: 30254471 | W90: 54059876 | X90: =V90/(R$2*12) -> 0.075252614 | Y90: =W90/(R$3*12) -> 0.14579076 | Z90: =Y90-X90 -> 0.070538144
T91: J0875 | U91: Dalvance | V91: 19450574 | W91: 44071351 | X91: =V91/(R$2*12) -> 0.048379842 | Y91: =W91/(R$3*12) -> 0.11885332 | Z91: =Y91-X91 -> 0.070473477
T92: J9316 | U92: Phesgo | W92: 25073292 | X92: =V92/(R$2*12) -> 0 | Y92: =W92/(R$3*12) -> 0.06761862 | Z92: =Y92-X92 -> 0.06761862
T93: J1301 | U93: Radicava | W93: 25067596 | X93: =V93/(R$2*12) -> 0 | Y93: =W93/(R$3*12) -> 0.06760326 | Z93: =Y93-X93 -> 0.06760326
T94: J1558 | U94: Xembify | W94: 24116609 | X94: =V94/(R$2*12) -> 0 | Y94: =W94/(R$3*12) -> 0.0650386 | Z94: =Y94-X94 -> 0.0650386
T95: J0490 | U95: Benlysta | V95: 84899149 | W95: 1.0238234e+08 | X95: =V95/(R$2*12) -> 0.21117153 | Y95: =W95/(R$3*12) -> 0.27610863 | Z95: =Y95-X95 -> 0.064937108
T96: J0775 | U96: Xiaflex | V96: 47829976 | W96: 68178746 | X96: =V96/(R$2*12) -> 0.11896855 | Y96: =W96/(R$3*12) -> 0.18386707 | Z96: =Y96-X96 -> 0.064898516
T97: J9308 | U97: Cyramza | V97: 1.0025475e+08 | W97: 116423797 | X97: =V97/(R$2*12) -> 0.24936585 | Y97: =W97/(R$3*12) -> 0.31397618 | Z97: =Y97-X97 -> 0.064610339
T98: J0256 | U98: Aralast NP* | V98: 96005578 | W98: 1.1147253e+08 | X98: =V98/(R$2*12) -> 0.23879679 | Y98: =W98/(R$3*12) -> 0.30062342 | Z98: =Y98-X98 -> 0.061826629
T99: J1454 | U99: Akynzeo (J1454) | W99: 22765671 | X99: =V99/(R$2*12) -> 0 | Y99: =W99/(R$3*12) -> 0.061395339 | Z99: =Y99-X99 -> 0.061395339
T100: J7351 | U100: Durysta | W100: 21888390 | X100: =V100/(R$2*12) -> 0 | Y100: =W100/(R$3*12) -> 0.059029453 | Z100: =Y100-X100 -> 0.059029453
...

Sheet ENTYVIO
A1: ENTYVIO ANALYSIS
B2: 2018 | C2: 2021
A3: Total Spend | B3: =E24 -> 2.4300713e+08 | C3: =M24 -> 5.265282e+08
A4: Patients | B4: =H24 -> 8882 | C4: =P24 -> 15742
A5: Price per Patient | B5: =B3/B4 -> 27359.506 | C5: =C3/C4 -> 33447.351
A7: Total Spending Change | B7: Volume Change | C7: Unit Price Change
A8: =C3-B3 -> 2.8352107e+08 | B8: =(C4-B4)*B5 -> 1.8768621e+08 | C8: =(C5-B5)*C4 -> 95834856
A9: % of Change | B9: =B8/A8 -> 0.6619833 | C9: =C8/A8 -> 0.3380167
A23: HCPCS_Cd | B23: HCPCS_Desc | C23: Brnd_Name | D23: Gnrc_Name | E23: Tot_Spndng_2018 | F23: Tot_Dsg_Unts_2018 | G23: Tot_Clms_2018 | H23: Tot_Benes_2018 | I23: Avg_Spndng_Per_Dsg_Unt_2018 | J23: Avg_Spndng_Per_Clm_2018 | K23: Avg_Spndng_Per_Bene_2018 | L23: Outlier_Flag_2018 | M23: Tot_Spndng_2021 | N23: Tot_Dsg_Unts_2021 | O23: Tot_Clms_2021 | P23: Tot_Benes_2021 | Q23: Avg_Spndng_Per_Dsg_Unt_2021 | R23: Avg_Spndng_Per_Clm_2021 | S23: Avg_Spndng_Per_Bene_2021 | T23: Outlier_Flag_2021 | U23: Avg_DY21_ASP_Price | V23: Chg_Avg_Spndng_Per_Dsg_Unt_20_21 | W23: CAGR_Avg_Spnd_Per_Dsg_Unt_17_21
A24: J3380 | B24: Injection, vedolizumab | C24: Entyvio | D24: Vedolizumab | E24: 2.4300713e+08 | F24: 14114303 | G24: 46859 | H24: 8882 | I24: 17.217083 | J24: 5185.9223 | K24: 27359.506 | L24: 0 | M24: 5.265282e+08 | N24: 27759023 | O24: 92268 | P24: 15742 | Q24: 18.967822 | R24: 5706.5093 | S24: 33447.351 | T24: 0 | U24: 20.827 | V24: 0.028896152 | W24: 0.016592144

Sheet BIOSIM_ANALYSIS
A1: 2021 BIOSIMILAR GROSS IMPACT ANALYSIS
A2: HCPCS_Cd | B2: Brnd_Name | C2: Tot_Spndng_2021 | D2: Tot_Benes_2021 | E2: Avg_Spndng_Per_Bene_2021 | F2: REF_PRODUCT_FLAG | G2: REF_PRODUCT_CLASS | H2: PREFERRED_DRUG | I2: BENCHMARK_REF_PRICE | J2: HYPOTHETICAL_SPEND_2021 | K2: SAVINGS_2021
A3: J9355 | B3: Herceptin | C3: 2.2370977e+08 | D3: 6944 | E3: 32216.269 | F3: Y | G3: HERCEPTIN | H3: N | I3: =E$3 -> 32216.269 | J3: =I3*D3 -> 2.2370977e+08 | K3: =IF(F3="N", J3 - C3, 0) -> 0
A4: Q5117 | B4: Kanjinti | C4: 1.5930983e+08 | D4: 7550 | E4: 21100.64 | F4: N | G4: HERCEPTIN | H4: Y | I4: =E$3 -> 32216.269 | J4: =I4*D4 -> 2.4323283e+08 | K4: =IF(F4="N", J4 - C4, 0) -> 83923001
A5: Q5116 | B5: Trazimera | C5: 59996202 | D5: 2993 | E5: 20045.507 | F5: N | G5: HERCEPTIN | H5: Y | I5: =E$3 -> 32216.269 | J5: =I5*D5 -> 96423293 | K5: =IF(F5="N", J5 - C5, 0) -> 36427091
A6: Q5114 | B6: Ogivri | C6: 46807920 | D6: 2257 | E6: 20738.999 | F6: N | G6: HERCEPTIN | H6: Y | I6: =E$3 -> 32216.269 | J6: =I6*D6 -> 72712119 | K6: =IF(F6="N", J6 - C6, 0) -> 25904199
A7: J9356 | B7: Herceptin Hylecta | C7: 19235278 | D7: 597 | E7: 32219.896 | F7: Y | G7: HERCEPTIN | H7: N | I7: =E$3 -> 32216.269 | J7: =I7*D7 -> 19233113 | K7: =IF(F7="N", J7 - C7, 0) -> 0
A8: Q5112 | B8: Ontruzant | C8: 11340522 | D8: 531 | E8: 21356.916 | F8: N | G8: HERCEPTIN | H8: Y | I8: =E$3 -> 32216.269 | J8: =I8*D8 -> 17106839 | K8: =IF(F8="N", J8 - C8, 0) -> 5766316.4
A9: Q5113 | B9: Herzuma | C9: 7706641.7 | D9: 329 | E9: 23424.443 | F9: N | G9: HERCEPTIN | H9: Y | I9: =E$3 -> 32216.269 | J9: =I9*D9 -> 10599152 | K9: =IF(F9="N", J9 - C9, 0) -> 2892510.8
A10: J2505 | B10: Neulasta* | C10: 519022697 | D10: 57642 | E10: 9004.2451 | F10: Y | G10: NEULASTA | H10: N | I10: =E$10 -> 9004.2451 | J10: =I10*D10 -> 5.190227e+08 | K10: =IF(F10="N", J10 - C10, 0) -> 0
A11: Q5111 | B11: Udenyca | C11: 1.6004288e+08 | D11: 15627 | E11: 10241.433 | F11: N | G11: NEULASTA | H11: Y | I11: =E$10 -> 9004.2451 | J11: =I11*D11 -> 1.4070934e+08 | K11: =IF(F11="N", J11 - C11, 0) -> -19333541
A12: Q5120 | B12: Ziextenzo | C12: 85195358 | D12: 7991 | E12: 10661.414 | F12: N | G12: NEULASTA | H12: Y | I12: =E$10 -> 9004.2451 | J12: =I12*D12 -> 71952923 | K12: =IF(F12="N", J12 - C12, 0) -> -13242435
A13: Q5108 | B13: Fulphila | C13: 75403321 | D13: 8069 | E13: 9344.8161 | F13: N | G13: NEULASTA | H13: Y | I13: =E$10 -> 9004.2451 | J13: =I13*D13 -> 72655254 | K13: =IF(F13="N", J13 - C13, 0) -> -2748067.1
A14: Q5122 | B14: Nyvepria | C14: 26671091 | D14: 2086 | E14: 12785.758 | F14: N | G14: NEULASTA | H14: Y | I14: =E$10 -> 9004.2451 | J14: =I14*D14 -> 18782855 | K14: =IF(F14="N", J14 - C14, 0) -> -7888235.3
A15: Q5101 | B15: Zarxio | C15: 18684232 | D15: 18746 | E15: 996.70501 | F15: N | G15: NEUPOGEN | H15: Y | I15: =E$16 -> 2413.9227 | J15: =I15*D15 -> 45251395 | K15: =IF(F15="N", J15 - C15, 0) -> 26567163
A16: J1442 | B16: Neupogen | C16: 16004308 | D16: 6630 | E16: 2413.9227 | F16: Y | G16: NEUPOGEN | H16: N | I16: =E$16 -> 2413.9227 | J16: =I16*D16 -> 16004308 | K16: =IF(F16="N", J16 - C16, 0) -> 0
A17: Q5110 | B17: Nivestym | C17: 4915196 | D17: 3741 | E17: 1313.8722 | F17: N | G17: NEUPOGEN | H17: Y | I17: =E$16 -> 2413.9227 | J17: =I17*D17 -> 9030484.8 | K17: =IF(F17="N", J17 - C17, 0) -> 4115288.8
A18: Q5106 | B18: Retacrit (Q5106) | C18: 87251750 | D18: 37266 | E18: 2341.3232 | F18: N | G18: PROCRIT | H18: Y | I18: =E$19 -> 2255.699 | J18: =I18*D18 -> 84060878 | K18: =IF(F18="N", J18 - C18, 0) -> -3190872.2
A19: J0885 | B19: Epogen (J0885)* | C19: 58454183 | D19: 25914 | E19: 2255.699 | F19: Y | G19: PROCRIT | H19: N | I19: =E$19 -> 2255.699 | J19: =I19*D19 -> 58454183 | K19: =IF(F19="N", J19 - C19, 0) -> 0
A20: Q5105 | B20: Retacrit (Q5105) | C20: 1127418.2 | D20: 4543 | E20: 248.166 | F20: N | G20: PROCRIT | H20: Y | I20: =E$19 -> 2255.699 | J20: =I20*D20 -> 10247640 | K20: =IF(F20="N", J20 - C20, 0) -> 9120222.3
A21: Q4081 | B21: Epogen (Q4081)* | C21: 14004.02 | D21: 21 | E21: 666.8581 | F21: Y | G21: PROCRIT | H21: N | I21: =E$19 -> 2255.699 | J21: =I21*D21 -> 47369.678 | K21: =IF(F21="N", J21 - C21, 0) -> 0
A22: J1745 | B22: Remicade | C22: 5.1262192e+08 | D22: 41903 | E22: 12233.538 | F22: Y | G22: REMICADE | H22: N | I22: =E$22 -> 12233.538 | J22: =I22*D22 -> 5.1262192e+08 | K22: =IF(F22="N", J22 - C22, 0) -> 0
A23: Q5103 | B23: Inflectra | C23: 71993955 | D23: 7268 | E23: 9905.6074 | F23: N | G23: REMICADE | H23: Y | I23: =E$22 -> 12233.538 | J23: =I23*D23 -> 88913351 | K23: =IF(F23="N", J23 - C23, 0) -> 16919396
A24: Q5104 | B24: Renflexis | C24: 51022400 | D24: 5358 | E24: 9522.6576 | F24: N | G24: REMICADE | H24: Y | I24: =E$22 -> 12233.538 | J24: =I24*D24 -> 65547294 | K24: =IF(F24="N", J24 - C24, 0) -> 14524895
A25: Q5121 | B25: Avsola | C25: 9946500.2 | D25: 1175 | E25: 8465.1066 | F25: N | G25: REMICADE | H25: Y | I25: =E$22 -> 12233.538 | J25: =I25*D25 -> 14374407 | K25: =IF(F25="N", J25 - C25, 0) -> 4427906.4
A26: J9312 | B26: Rituxan | C26: 7.6556021e+08 | D26: 36383 | E26: 21041.701 | F26: Y | G26: RITUXAN | H26: N | I26: =E$26 -> 21041.701 | J26: =I26*D26 -> 7.6556021e+08 | K26: =IF(F26="N", J26 - C26, 0) -> 0
A27: Q5119 | B27: Ruxience | C27: 2.8850121e+08 | D27: 16546 | E27: 17436.312 | F27: N | G27: RITUXAN | H27: Y | I27: =E$26 -> 21041.701 | J27: =I27*D27 -> 3.4815598e+08 | K27: =IF(F27="N", J27 - C27, 0) -> 59654773
A28: Q5115 | B28: Truxima | C28: 2.3356605e+08 | D28: 13932 | E28: 16764.718 | F28: N | G28: RITUXAN | H28: Y | I28: =E$26 -> 21041.701 | J28: =I28*D28 -> 2.9315298e+08 | K28: =IF(F28="N", J28 - C28, 0) -> 59586927
A29: J9311 | B29: Rituxan Hycela | C29: 68338781 | D29: 3580 | E29: 19089.045 | F29: Y | G29: RITUXAN | H29: N | I29: =E$26 -> 21041.701 | J29: =I29*D29 -> 75329289 | K29: =IF(F29="N", J29 - C29, 0) -> 0
A30: Q5123 | B30: Riabni | C30: 11960083 | D30: 782 | E30: 15294.224 | F30: N | G30: RITUXAN | H30: Y | I30: =E$26 -> 21041.701 | J30: =I30*D30 -> 16454610 | K30: =IF(F30="N", J30 - C30, 0) -> 4494527.1
J31: Total Savings | K31: =SUM(K3:K30) -> 3.0792107e+08

Sheet BIOSIM_2021
A1: HCPCS_Cd | B1: Brnd_Name | C1: Tot_Spndng_2021 | D1: Tot_Benes_2021 | E1: Avg_Spndng_Per_Bene_2021 | F1: REF_PRODUCT_FLAG | G1: REF_PRODUCT_CLASS | H1: PREFERRED_DRUG
A2: J9271 | B2: Keytruda | C2: 3966530837 | D2: 62830 | E2: 63131.161 | F2: =VLOOKUP(A2, BIOSIM_REF!$A:$E, 3, FALSE) -> #N/A | G2: =VLOOKUP(A2, BIOSIM_REF!$A:$E, 4, FALSE) -> #N/A | H2: =VLOOKUP(A2, BIOSIM_REF!$A:$E, 5, FALSE) -> #N/A
A3: J0178 | B3: Eylea | C3: 3415890772 | D3: 309699 | E3: 11029.712 | F3: =VLOOKUP(A3, BIOSIM_REF!$A:$E, 3, FALSE) -> #N/A | G3: =VLOOKUP(A3, BIOSIM_REF!$A:$E, 4, FALSE) -> #N/A | H3: =VLOOKUP(A3, BIOSIM_REF!$A:$E, 5, FALSE) -> #N/A
A4: J0897 | B4: Prolia* | C4: 1780811015 | D4: 629724 | E4: 2827.923 | F4: =VLOOKUP(A4, BIOSIM_REF!$A:$E, 3, FALSE) -> #N/A | G4: =VLOOKUP(A4, BIOSIM_REF!$A:$E, 4, FALSE) -> #N/A | H4: =VLOOKUP(A4, BIOSIM_REF!$A:$E, 5, FALSE) -> #N/A
A5: J9299 | B5: Opdivo | C5: 1573611853 | D5: 25426 | E5: 61889.871 | F5: =VLOOKUP(A5, BIOSIM_REF!$A:$E, 3, FALSE) -> #N/A | G5: =VLOOKUP(A5, BIOSIM_REF!$A:$E, 4, FALSE) -> #N/A | H5: =VLOOKUP(A5, BIOSIM_REF!$A:$E, 5, FALSE) -> #N/A
A6: J9144 | B6: Darzalex Faspro | C6: 1046702030 | D6: 12490 | E6: 83803.205 | F6: =VLOOKUP(A6, BIOSIM_REF!$A:$E, 3, FALSE) -> #N/A | G6: =VLOOKUP(A6, BIOSIM_REF!$A:$E, 4, FALSE) -> #N/A | H6: =VLOOKUP(A6, BIOSIM_REF!$A:$E, 5, FALSE) -> #N/A
A7: J2778 | B7: Lucentis | C7: 1044929993 | D7: 114432 | E7: 9131.4492 | F7: =VLOOKUP(A7, BIOSIM_REF!$A:$E, 3, FALSE) -> #N/A | G7: =VLOOKUP(A7, BIOSIM_REF!$A:$E, 4, FALSE) -> #N/A | H7: =VLOOKUP(A7, BIOSIM_REF!$A:$E, 5, FALSE) -> #N/A
A8: J0129 | B8: Orencia* | C8: 9.8894374e+08 | D8: 31429 | E8: 31465.963 | F8: =VLOOKUP(A8, BIOSIM_REF!$A:$E, 3, FALSE) -> #N/A | G8: =VLOOKUP(A8, BIOSIM_REF!$A:$E, 4, FALSE) -> #N/A | H8: =VLOOKUP(A8, BIOSIM_REF!$A:$E, 5, FALSE) -> #N/A
A9: J9355 | B9: Herceptin | C9: 2.2370977e+08 | D9: 6944 | E9: 32216.269 | F9: =VLOOKUP(A9, BIOSIM_REF!$A:$E, 3, FALSE) -> Y | G9: =VLOOKUP(A9, BIOSIM_REF!$A:$E, 4, FALSE) -> HERCEPTIN | H9: =VLOOKUP(A9, BIOSIM_REF!$A:$E, 5, FALSE) -> N
A10: J9022 | B10: Tecentriq | C10: 6.560749e+08 | D10: 12580 | E10: 52152.218 | F10: =VLOOKUP(A10, BIOSIM_REF!$A:$E, 3, FALSE) -> #N/A | G10: =VLOOKUP(A10, BIOSIM_REF!$A:$E, 4, FALSE) -> #N/A | H10: =VLOOKUP(A10, BIOSIM_REF!$A:$E, 5, FALSE) -> #N/A
A11: J1300 | B11: Soliris | C11: 6.4245117e+08 | D11: 1645 | E11: 390547.82 | F11: =VLOOKUP(A11, BIOSIM_REF!$A:$E, 3, FALSE) -> #N/A | G11: =VLOOKUP(A11, BIOSIM_REF!$A:$E, 4, FALSE) -> #N/A | H11: =VLOOKUP(A11, BIOSIM_REF!$A:$E, 5, FALSE) -> #N/A
A12: J2350 | B12: Ocrevus | C12: 6.0820341e+08 | D12: 12327 | E12: 49339.126 | F12: =VLOOKUP(A12, BIOSIM_REF!$A:$E, 3, FALSE) -> #N/A | G12: =VLOOKUP(A12, BIOSIM_REF!$A:$E, 4, FALSE) -> #N/A | H12: =VLOOKUP(A12, BIOSIM_REF!$A:$E, 5, FALSE) -> #N/A
A13: J3380 | B13: Entyvio | C13: 5.265282e+08 | D13: 15742 | E13: 33447.351 | F13: =VLOOKUP(A13, BIOSIM_REF!$A:$E, 3, FALSE) -> #N/A | G13: =VLOOKUP(A13, BIOSIM_REF!$A:$E, 4, FALSE) -> #N/A | H13: =VLOOKUP(A13, BIOSIM_REF!$A:$E, 5, FALSE) -> #N/A
... A19: J9305 | B19: Alimta | C19: 4.7738148e+08 | D19: 17337 | E19: 27535.414 | F19: =VLOOKUP(A19, BIOSIM_REF!$A:$E, 3, FALSE) -> #N/A | G19: =VLOOKUP(A19, BIOSIM_REF!$A:$E, 4, FALSE) -> #N/A | H19: =VLOOKUP(A19, BIOSIM_REF!$A:$E, 5, FALSE) -> #N/A
A20: 90662 | B20: Fluzone High-Dose 2015-2016* | C20: 4.7705315e+08 | D20: 7631960 | E20: 62.507291 | F20: =VLOOKUP(A20, BIOSIM_REF!$A:$E, 3, FALSE) -> #N/A | G20: =VLOOKUP(A20, BIOSIM_REF!$A:$E, 4, FALSE) -> #N/A | H20: =VLOOKUP(A20, BIOSIM_REF!$A:$E, 5, FALSE) -> #N/A
A21: J9173 | B21: Imfinzi | C21: 4.5354457e+08 | D21: 9073 | E21: 49988.38 | F21: =VLOOKUP(A21, BIOSIM_REF!$A:$E, 3, FALSE) -> #N/A | G21: =VLOOKUP(A21, BIOSIM_REF!$A:$E, 4, FALSE) -> #N/A | H21: =VLOOKUP(A21, BIOSIM_REF!$A:$E, 5, FALSE) -> #N/A
A22: J2353 | B22: Sandostatin Lar* | C22: 432652274 | D22: 9465 | E22: 45710.753 | F22: =VLOOKUP(A22, BIOSIM_REF!$A:$E, 3, FALSE) -> #N/A | G22: =VLOOKUP(A22, BIOSIM_REF!$A:$E, 4, FALSE) -> #N/A | H22: =VLOOKUP(A22, BIOSIM_REF!$A:$E, 5, FALSE) -> #N/A
A23: J1561 | B23: Gammaked* | C23: 4.2359115e+08 | D23: 13442 | E23: 31512.509 | F23: =VLOOKUP(A23, BIOSIM_REF!$A:$E, 3, FALSE) -> #N/A | G23: =VLOOKUP(A23, BIOSIM_REF!$A:$E, 4, FALSE) -> #N/A | H23: =VLOOKUP(A23, BIOSIM_REF!$A:$E, 5, FALSE) -> #N/A
A24: J9228 | B24: Yervoy | C24: 4.080913e+08 | D24: 7687 | E24: 53088.5 | F24: =VLOOKUP(A24, BIOSIM_REF!$A:$E, 3, FALSE) -> #N/A | G24: =VLOOKUP(A24, BIOSIM_REF!$A:$E, 4, FALSE) -> #N/A | H24: =VLOOKUP(A24, BIOSIM_REF!$A:$E, 5, FALSE) -> #N/A
A25: J2357 | B25: Xolair | C25: 4.019208e+08 | D25: 17789 | E25: 22593.783 | F25: =VLOOKUP(A25, BIOSIM_REF!$A:$E, 3, FALSE) -> #N/A | G25: =VLOOKUP(A25, BIOSIM_REF!$A:$E, 4, FALSE) -> #N/A | H25: =VLOOKUP(A25, BIOSIM_REF!$A:$E, 5, FALSE) -> #N/A
A26: J1930 | B26: Somatuline Depot | C26: 3.9895848e+08 | D26: 6260 | E26: 63731.386 | F26: =VLOOKUP(A26, BIOSIM_REF!$A:$E, 3, FALSE) -> #N/A | G26: =VLOOKUP(A26, BIOSIM_REF!$A:$E, 4, FALSE) -> #N/A | H26: =VLOOKUP(A26, BIOSIM_REF!$A:$E, 5, FALSE) -> #N/A
A27: J1602 | B27: Simponi Aria | C27: 3.7006397e+08 | D27: 26875 | E27: 13769.822 | F27: =VLOOKUP(A27, BIOSIM_REF!$A:$E, 3, FALSE) -> #N/A | G27: =VLOOKUP(A27, BIOSIM_REF!$A:$E, 4, FALSE) -> #N/A | H27: =VLOOKUP(A27, BIOSIM_REF!$A:$E, 5, FALSE) -> #N/A
A28: J9035 | B28: Avastin | C28: 3.6931186e+08 | D28: 154678 | E28: 2387.6172 | F28: =VLOOKUP(A28, BIOSIM_REF!$A:$E, 3, FALSE) -> #N/A | G28: =VLOOKUP(A28, BIOSIM_REF!$A:$E, 4, FALSE) -> #N/A | H28: =VLOOKUP(A28, BIOSIM_REF!$A:$E, 5, FALSE) -> #N/A
A29: J0585 | B29: Botox* | C29: 3.6644106e+08 | D29: 143146 | E29: 2559.9113 | F29: =VLOOKUP(A29, BIOSIM_REF!$A:$E, 3, FALSE) -> #N/A | G29: =VLOOKUP(A29, BIOSIM_REF!$A:$E, 4, FALSE) -> #N/A | H29: =VLOOKUP(A29, BIOSIM_REF!$A:$E, 5, FALSE) -> #N/A
A30: J9041 | B30: Velcade | C30: 3.6279757e+08 | D30: 17267 | E30: 21011.036 | F30: =VLOOKUP(A30, BIOSIM_REF!$A:$E, 3, FALSE) -> #N/A | G30: =VLOOKUP(A30, BIOSIM_REF!$A:$E, 4, FALSE) -> #N/A | H30: =VLOOKUP(A30, BIOSIM_REF!$A:$E, 5, FALSE) -> #N/A
A31: Q5107 | B31: Mvasi | C31: 336344276 | D31: 15239 | E31: 22071.283 | F31: =VLOOKUP(A31, BIOSIM_REF!$A:$E, 3, FALSE) -> #N/A | G31: =VLOOKUP(A31, BIOSIM_REF!$A:$E, 4, FALSE) -> #N/A | H31: =VLOOKUP(A31, BIOSIM_REF!$A:$E, 5, FALSE) -> #N/A
A32: J9264 | B32: Abraxane | C32: 3.3390554e+08 | D32: 16663 | E32: 20038.741 | F32: =VLOOKUP(A32, BIOSIM_REF!$A:$E, 3, FALSE) -> #N/A | G32: =VLOOKUP(A32, BIOSIM_REF!$A:$E, 4, FALSE) -> #N/A | H32: =VLOOKUP(A32, BIOSIM_REF!$A:$E, 5, FALSE) -> #N/A
... A38: Q5114 | B38: Ogivri | C38: 46807920 | D38: 2257 | E38: 20738.999 | F38: =VLOOKUP(A38, BIOSIM_REF!$A:$E, 3, FALSE) -> N | G38: =VLOOKUP(A38, BIOSIM_REF!$A:$E, 4, FALSE) -> HERCEPTIN | H38: =VLOOKUP(A38, BIOSIM_REF!$A:$E, 5, FALSE) -> Y
A39: 90694 | B39: Fluad Quad 2020-2021* | C39: 2.6925721e+08 | D39: 4239703 | E39: 63.508508 | F39: =VLOOKUP(A39, BIOSIM_REF!$A:$E, 3, FALSE) -> #N/A | G39: =VLOOKUP(A39, BIOSIM_REF!$A:$E, 4, FALSE) -> #N/A | H39: =VLOOKUP(A39, BIOSIM_REF!$A:$E, 5, FALSE) -> #N/A
A40: J0896 | B40: Reblozyl | C40: 2.6619136e+08 | D40: 2412 | E40: 110361.26 | F40: =VLOOKUP(A40, BIOSIM_REF!$A:$E, 3, FALSE) -> #N/A | G40: =VLOOKUP(A40, BIOSIM_REF!$A:$E, 4, FALSE) -> #N/A | H40: =VLOOKUP(A40, BIOSIM_REF!$A:$E, 5, FALSE) -> #N/A
A41: J3357 | B41: Stelara (J3357) | C41: 2.5425381e+08 | D41: 5471 | E41: 46473.005 | F41: =VLOOKUP(A41, BIOSIM_REF!$A:$E, 3, FALSE) -> #N/A | G41: =VLOOKUP(A41, BIOSIM_REF!$A:$E, 4, FALSE) -> #N/A | H41: =VLOOKUP(A41, BIOSIM_REF!$A:$E, 5, FALSE) -> #N/A
A42: J7686 | B42: Tyvaso* | C42: 2.5387501e+08 | D42: 1713 | E42: 148204.91 | F42: =VLOOKUP(A42, BIOSIM_REF!$A:$E, 3, FALSE) -> #N/A | G42: =VLOOKUP(A42, BIOSIM_REF!$A:$E, 4, FALSE) -> #N/A | H42: =VLOOKUP(A42, BIOSIM_REF!$A:$E, 5, FALSE) -> #N/A
A43: J2796 | B43: NPlate | C43: 248357392 | D43: 4961 | E43: 50061.962 | F43: =VLOOKUP(A43, BIOSIM_REF!$A:$E, 3, FALSE) -> #N/A | G43: =VLOOKUP(A43, BIOSIM_REF!$A:$E, 4, FALSE) -> #N/A | H43: =VLOOKUP(A43, BIOSIM_REF!$A:$E, 5, FALSE) -> #N/A
A44: J1568 | B44: Octagam | C44: 2.4338734e+08 | D44: 9609 | E44: 25329.101 | F44: =VLOOKUP(A44, BIOSIM_REF!$A:$E, 3, FALSE) -> #N/A | G44: =VLOOKUP(A44, BIOSIM_REF!$A:$E, 4, FALSE) -> #N/A | H44: =VLOOKUP(A44, BIOSIM_REF!$A:$E, 5, FALSE) -> #N/A
A45: J9356 | B45: Herceptin Hylecta | C45: 19235278 | D45: 597 | E45: 32219.896 | F45: =VLOOKUP(A45, BIOSIM_REF!$A:$E, 3, FALSE) -> Y | G45: =VLOOKUP(A45, BIOSIM_REF!$A:$E, 4, FALSE) -> HERCEPTIN | H45: =VLOOKUP(A45, BIOSIM_REF!$A:$E, 5, FALSE) -> N
A46: J9217 | B46: Eligard* | C46: 224127403 | D46: 155959 | E46: 1437.0918 | F46: =VLOOKUP(A46, BIOSIM_REF!$A:$E, 3, FALSE) -> #N/A | G46: =VLOOKUP(A46, BIOSIM_REF!$A:$E, 4, FALSE) -> #N/A | H46: =VLOOKUP(A46, BIOSIM_REF!$A:$E, 5, FALSE) -> #N/A
A47: Q5112 | B47: Ontruzant | C47: 11340522 | D47: 531 | E47: 21356.916 | F47: =VLOOKUP(A47, BIOSIM_REF!$A:$E, 3, FALSE) -> N | G47: =VLOOKUP(A47, BIOSIM_REF!$A:$E, 4, FALSE) -> HERCEPTIN | H47: =VLOOKUP(A47, BIOSIM_REF!$A:$E, 5, FALSE) -> Y
A48: J1559 | B48: Hizentra | C48: 2.2255265e+08 | D48: 4551 | E48: 48901.923 | F48: =VLOOKUP(A48, BIOSIM_REF!$A:$E, 3, FALSE) -> #N/A | G48: =VLOOKUP(A48, BIOSIM_REF!$A:$E, 4, FALSE) -> #N/A | H48: =VLOOKUP(A48, BIOSIM_REF!$A:$E, 5, FALSE) -> #N/A
A49: J2182 | B49: Nucala | C49: 2.1051871e+08 | D49: 8141 | E49: 25859.072 | F49: =VLOOKUP(A49, BIOSIM_REF!$A:$E, 3, FALSE) -> #N/A | G49: =VLOOKUP(A49, BIOSIM_REF!$A:$E, 4, FALSE) -> #N/A | H49: =VLOOKUP(A49, BIOSIM_REF!$A:$E, 5, FALSE) -> #N/A
A50: J2323 | B50: Tysabri | C50: 2.0801722e+08 | D50: 4208 | E50: 49433.749 | F50: =VLOOKUP(A50, BIOSIM_REF!$A:$E, 3, FALSE) -> #N/A | G50: =VLOOKUP(A50, BIOSIM_REF!$A:$E, 4, FALSE) -> #N/A | H50: =VLOOKUP(A50, BIOSIM_REF!$A:$E, 5, FALSE) -> #N/A
A51: J0517 | B51: Fasenra | C51: 1.9748208e+08 | D51: 8456 | E51: 23354.078 | F51: =VLOOKUP(A51, BIOSIM_REF!$A:$E, 3, FALSE) -> #N/A | G51: =VLOOKUP(A51, BIOSIM_REF!$A:$E, 4, FALSE) -> #N/A | H51: =VLOOKUP(A51, BIOSIM_REF!$A:$E, 5, FALSE) -> #N/A
... A69: J3245 | B69: Ilumya | C69: 1.4458376e+08 | D69: 3590 | E69: 40274.027 | F69: =VLOOKUP(A69, BIOSIM_REF!$A:$E, 3, FALSE) -> #N/A | G69: =VLOOKUP(A69, BIOSIM_REF!$A:$E, 4, FALSE) -> #N/A | H69: =VLOOKUP(A69, BIOSIM_REF!$A:$E, 5, FALSE) -> #N/A
A70: 90732 | B70: Pneumovax 23 | C70: 1.4268961e+08 | D70: 1200530 | E70: 118.85552 | F70: =VLOOKUP(A70, BIOSIM_REF!$A:$E, 3, FALSE) -> #N/A | G70: =VLOOKUP(A70, BIOSIM_REF!$A:$E, 4, FALSE) -> #N/A | H70: =VLOOKUP(A70, BIOSIM_REF!$A:$E, 5, FALSE) -> #N/A
A71: J9043 | B71: Jevtana | C71: 1.4165345e+08 | D71: 3146 | E71: 45026.525 | F71: =VLOOKUP(A71, BIOSIM_REF!$A:$E, 3, FALSE) -> #N/A | G71: =VLOOKUP(A71, BIOSIM_REF!$A:$E, 4, FALSE) -> #N/A | H71: =VLOOKUP(A71, BIOSIM_REF!$A:$E, 5, FALSE) -> #N/A
A72: J9055 | B72: Erbitux | C72: 1.3853266e+08 | D72: 3960 | E72: 34982.994 | F72: =VLOOKUP(A72, BIOSIM_REF!$A:$E, 3, FALSE) -> #N/A | G72: =VLOOKUP(A72, BIOSIM_REF!$A:$E, 4, FALSE) -> #N/A | H72: =VLOOKUP(A72, BIOSIM_REF!$A:$E, 5, FALSE) -> #N/A
A73: J7677 | B73: Yupelri | C73: 1.3816455e+08 | D73: 24246 | E73: 5698.4474 | F73: =VLOOKUP(A73, BIOSIM_REF!$A:$E, 3, FALSE) -> #N/A | G73: =VLOOKUP(A73, BIOSIM_REF!$A:$E, 4, FALSE) -> #N/A | H73: =VLOOKUP(A73, BIOSIM_REF!$A:$E, 5, FALSE) -> #N/A
A74: J9301 | B74: Gazyva | C74: 1.3766977e+08 | D74: 4694 | E74: 29328.881 | F74: =VLOOKUP(A74, BIOSIM_REF!$A:$E, 3, FALSE) -> #N/A | G74: =VLOOKUP(A74, BIOSIM_REF!$A:$E, 4, FALSE) -> #N/A | H74: =VLOOKUP(A74, BIOSIM_REF!$A:$E, 5, FALSE) -> #N/A
A75: J2785 | B75: Lexiscan | C75: 1.3196156e+08 | D75: 557917 | E75: 236.52543 | F75: =VLOOKUP(A75, BIOSIM_REF!$A:$E, 3, FALSE) -> #N/A | G75: =VLOOKUP(A75, BIOSIM_REF!$A:$E, 4, FALSE) -> #N/A | H75: =VLOOKUP(A75, BIOSIM_REF!$A:$E, 5, FALSE) -> #N/A
A76: J7606 | B76: Formoterol Fumarate* | C76: 1.3101758e+08 | D76: 32212 | E76: 4067.3532 | F76: =VLOOKUP(A76, BIOSIM_REF!$A:$E, 3, FALSE) -> #N/A | G76: =VLOOKUP(A76, BIOSIM_REF!$A:$E, 4, FALSE) -> #N/A | H76: =VLOOKUP(A76, BIOSIM_REF!$A:$E, 5, FALSE) -> #N/A
A77: 90670 | B77: Prevnar 13 | C77: 1.2903379e+08 | D77: 555013 | E77: 232.48788 | F77: =VLOOKUP(A77, BIOSIM_REF!$A:$E, 3, FALSE) -> #N/A | G77: =VLOOKUP(A77, BIOSIM_REF!$A:$E, 4, FALSE) -> #N/A | H77: =VLOOKUP(A77, BIOSIM_REF!$A:$E, 5, FALSE) -> #N/A
A78: J9034 | B78: Bendeka | C78: 1.2015819e+08 | D78: 6368 | E78: 18869.063 | F78: =VLOOKUP(A78, BIOSIM_REF!$A:$E, 3, FALSE) -> #N/A | G78: =VLOOKUP(A78, BIOSIM_REF!$A:$E, 4, FALSE) -> #N/A | H78: =VLOOKUP(A78, BIOSIM_REF!$A:$E, 5, FALSE) -> #N/A
A79: J9308 | B79: Cyramza | C79: 116423797 | D79: 3186 | E79: 36542.309 | F79: =VLOOKUP(A79, BIOSIM_REF!$A:$E, 3, FALSE) -> #N/A | G79: =VLOOKUP(A79, BIOSIM_REF!$A:$E, 4, FALSE) -> #N/A | H79: =VLOOKUP(A79, BIOSIM_REF!$A:$E, 5, FALSE) -> #N/A
A80: J0256 | B80: Aralast NP* | C80: 1.1147253e+08 | D80: 1399 | E80: 79680.152 | F80: =VLOOKUP(A80, BIOSIM_REF!$A:$E, 3, FALSE) -> #N/A | G80: =VLOOKUP(A80, BIOSIM_REF!$A:$E, 4, FALSE) -> #N/A | H80: =VLOOKUP(A80, BIOSIM_REF!$A:$E, 5, FALSE) -> #N/A
A81: J9358 | B81: Enhertu | C81: 1.0911897e+08 | D81: 1904 | E81: 57310.386 | F81: =VLOOKUP(A81, BIOSIM_REF!$A:$E, 3, FALSE) -> #N/A | G81: =VLOOKUP(A81, BIOSIM_REF!$A:$E, 4, FALSE) -> #N/A | H81: =VLOOKUP(A81, BIOSIM_REF!$A:$E, 5, FALSE) -> #N/A
A82: J7503 | B82: Envarsus Xr | C82: 102552113 | D82: 13838 | E82: 7410.9057 | F82: =VLOOKUP(A82, BIOSIM_REF!$A:$E, 3, FALSE) -> #N/A | G82: =VLOOKUP(A82, BIOSIM_REF!$A:$E, 4, FALSE) -> #N/A | H82: =VLOOKUP(A82, BIOSIM_REF!$A:$E, 5, FALSE) -> #N/A
A83: J0490 | B83: Benlysta | C83: 1.0238234e+08 | D83: 3406 | E83: 30059.406 | F83: =VLOOKUP(A83, BIOSIM_REF!$A:$E, 3, FALSE) -> #N/A | G83: =VLOOKUP(A83, BIOSIM_REF!$A:$E, 4, FALSE) -> #N/A | H83: =VLOOKUP(A83, BIOSIM_REF!$A:$E, 5, FALSE) -> #N/A
A84: J7192 | B84: Advate* | C84: 1.0231939e+08 | D84: 623 | E84: 164236.59 | F84: =VLOOKUP(A84, BIOSIM_REF!$A:$E, 3, FALSE) -> #N/A | G84: =VLOOKUP(A84, BIOSIM_REF!$A:$E, 4, FALSE) -> #N/A | H84: =VLOOKUP(A84, BIOSIM_REF!$A:$E, 5, FALSE) -> #N/A
A85: J9303 | B85: Vectibix | C85: 1.0006572e+08 | D85: 2525 | E85: 39629.986 | F85: =VLOOKUP(A85, BIOSIM_REF!$A:$E, 3, FALSE) -> #N/A | G85: =VLOOKUP(A85, BIOSIM_REF!$A:$E, 4, FALSE) -> #N/A | H85: =VLOOKUP(A85, BIOSIM_REF!$A:$E, 5, FALSE) -> #N/A
A86: J9395 | B86: Faslodex* | C86: 99529826 | D86: 19829 | E86: 5019.4073 | F86: =VLOOKUP(A86, BIOSIM_REF!$A:$E, 3, FALSE) -> #N/A | G86: =VLOOKUP(A86, BIOSIM_REF!$A:$E, 4, FALSE) -> #N/A | H86: =VLOOKUP(A86, BIOSIM_REF!$A:$E, 5, FALSE) -> #N/A
A87: J9176 | B87: Empliciti | C87: 97730346 | D87: 1554 | E87: 62889.54 | F87: =VLOOKUP(A87, BIOSIM_REF!$A:$E, 3, FALSE) -> #N/A | G87: =VLOOKUP(A87, BIOSIM_REF!$A:$E, 4, FALSE) -> #N/A | H87: =VLOOKUP(A87, BIOSIM_REF!$A:$E, 5, FALSE) -> #N/A
A88: J9317 | B88: Trodelvy | C88: 96029681 | D88: 1376 | E88: 69789.012 | F88: =VLOOKUP(A88, BIOSIM_REF!$A:$E, 3, FALSE) -> #N/A | G88: =VLOOKUP(A88, BIOSIM_REF!$A:$E, 4, FALSE) -> #N/A | H88: =VLOOKUP(A88, BIOSIM_REF!$A:$E, 5, FALSE) -> #N/A
A89: J9223 | B89: Zepzelca | C89: 88260768 | D89: 1878 | E89: 46997.214 | F89: =VLOOKUP(A89, BIOSIM_REF!$A:$E, 3, FALSE) -> #N/A | G89: =VLOOKUP(A89, BIOSIM_REF!$A:$E, 4, FALSE) -> #N/A | H89: =VLOOKUP(A89, BIOSIM_REF!$A:$E, 5, FALSE) -> #N/A
... A148: J3385 | B148: Vpriv | C148: 27094729 | D148: 107 | E148: 253221.77 | F148: =VLOOKUP(A148, BIOSIM_REF!$A:$E, 3, FALSE) -> #N/A | G148: =VLOOKUP(A148, BIOSIM_REF!$A:$E, 4, FALSE) -> #N/A | H148: =VLOOKUP(A148, BIOSIM_REF!$A:$E, 5, FALSE) -> #N/A
A149: 90686 | B149: Afluria Quad 2017-2018 (90686)* | C149: 26785304 | D149: 1272306 | E149: 21.052565 | F149: =VLOOKUP(A149, BIOSIM_REF!$A:$E, 3, FALSE) -> #N/A | G149: =VLOOKUP(A149, BIOSIM_REF!$A:$E, 4, FALSE) -> #N/A | H149: =VLOOKUP(A149, BIOSIM_REF!$A:$E, 5, FALSE) -> #N/A
A150: Q5105 | B150: Retacrit (Q5105) | C150: 1127418.2 | D150: 4543 | E150: 248.166 | F150: =VLOOKUP(A150, BIOSIM_REF!$A:$E, 3, FALSE) -> N | G150: =VLOOKUP(A150, BIOSIM_REF!$A:$E, 4, FALSE) -> PROCRIT | H150: =VLOOKUP(A150, BIOSIM_REF!$A:$E, 5, FALSE) -> Y
A151: J9281 | B151: Jelmyto | C151: 26431754 | D151: 299 | E151: 88400.516 | F151: =VLOOKUP(A151, BIOSIM_REF!$A:$E, 3, FALSE) -> #N/A | G151: =VLOOKUP(A151, BIOSIM_REF!$A:$E, 4, FALSE) -> #N/A | H151: =VLOOKUP(A151, BIOSIM_REF!$A:$E, 5, FALSE) -> #N/A
A152: J9316 | B152: Phesgo | C152: 25073292 | D152: 599 | E152: 41858.584 | F152: =VLOOKUP(A152, BIOSIM_REF!$A:$E, 3, FALSE) -> #N/A | G152: =VLOOKUP(A152, BIOSIM_REF!$A:$E, 4, FALSE) -> #N/A | H152: =VLOOKUP(A152, BIOSIM_REF!$A:$E, 5, FALSE) -> #N/A
A153: J1301 | B153: Radicava | C153: 25067596 | D153: 324 | E153: 77369.125 | F153: =VLOOKUP(A153, BIOSIM_REF!$A:$E, 3, FALSE) -> #N/A | G153: =VLOOKUP(A153, BIOSIM_REF!$A:$E, 4, FALSE) -> #N/A | H153: =VLOOKUP(A153, BIOSIM_REF!$A:$E, 5, FALSE) -> #N/A
A154: J1558 | B154: Xembify | C154: 24116609 | D154: 478 | E154: 50453.156 | F154: =VLOOKUP(A154, BIOSIM_REF!$A:$E, 3, FALSE) -> #N/A | G154: =VLOOKUP(A154, BIOSIM_REF!$A:$E, 4, FALSE) -> #N/A | H154: =VLOOKUP(A154, BIOSIM_REF!$A:$E, 5, FALSE) -> #N/A
A155: J3315 | B155: Trelstar | C155: 23819755 | D155: 7180 | E155: 3317.5146 | F155: =VLOOKUP(A155, BIOSIM_REF!$A:$E, 3, FALSE) -> #N/A | G155: =VLOOKUP(A155, BIOSIM_REF!$A:$E, 4, FALSE) -> #N/A | H155: =VLOOKUP(A155, BIOSIM_REF!$A:$E, 5, FALSE) -> #N/A
A156: J7517 | B156: CELlcept* | C156: 23369415 | D156: 49302 | E156: 474.00542 | F156: =VLOOKUP(A156, BIOSIM_REF!$A:$E, 3, FALSE) -> #N/A | G156: =VLOOKUP(A156, BIOSIM_REF!$A:$E, 4, FALSE) -> #N/A | H156: =VLOOKUP(A156, BIOSIM_REF!$A:$E, 5, FALSE) -> #N/A
A157: J1454 | B157: Akynzeo (J1454) | C157: 22765671 | D157: 7823 | E157: 2910.0947 | F157: =VLOOKUP(A157, BIOSIM_REF!$A:$E, 3, FALSE) -> #N/A | G157: =VLOOKUP(A157, BIOSIM_REF!$A:$E, 4, FALSE) -> #N/A | H157: =VLOOKUP(A157, BIOSIM_REF!$A:$E, 5, FALSE) -> #N/A
A158: J9325 | B158: Imlygic | C158: 22539701 | D158: 459 | E158: 49106.102 | F158: =VLOOKUP(A158, BIOSIM_REF!$A:$E, 3, FALSE) -> #N/A | G158: =VLOOKUP(A158, BIOSIM_REF!$A:$E, 4, FALSE) -> #N/A | H158: =VLOOKUP(A158, BIOSIM_REF!$A:$E, 5, FALSE) -> #N/A
A159: 90682 | B159: Flublok Quad 2017-2018* | C159: 22034218 | D159: 356294 | E159: 61.842798 | F159: =VLOOKUP(A159, BIOSIM_REF!$A:$E, 3, FALSE) -> #N/A | G159: =VLOOKUP(A159, BIOSIM_REF!$A:$E, 4, FALSE) -> #N/A | H159: =VLOOKUP(A159, BIOSIM_REF!$A:$E, 5, FALSE) -> #N/A
A160: J7351 | B160: Durysta | C160: 21888390 | D160: 6659 | E160: 3287.0386 | F160: =VLOOKUP(A160, BIOSIM_REF!$A:$E, 3, FALSE) -> #N/A | G160: =VLOOKUP(A160, BIOSIM_REF!$A:$E, 4, FALSE) -> #N/A | H160: =VLOOKUP(A160, BIOSIM_REF!$A:$E, 5, FALSE) -> #N/A
A161: J9307 | B161: Folotyn | C161: 21749113 | D161: 155 | E161: 140316.86 | F161: =VLOOKUP(A161, BIOSIM_REF!$A:$E, 3, FALSE) -> #N/A | G161: =VLOOKUP(A161, BIOSIM_REF!$A:$E, 4, FALSE) -> #N/A | H161: =VLOOKUP(A161, BIOSIM_REF!$A:$E, 5, FALSE) -> #N/A
A162: J0475 | B162: Baclofen* | C162: 20790961 | D162: 8046 | E162: 2584.012 | F162: =VLOOKUP(A162, BIOSIM_REF!$A:$E, 3, FALSE) -> #N/A | G162: =VLOOKUP(A162, BIOSIM_REF!$A:$E, 4, FALSE) -> #N/A | H162: =VLOOKUP(A162, BIOSIM_REF!$A:$E, 5, FALSE) -> #N/A
A163: J7682 | B163: Bethkis* | C163: 19742375 | D163: 3289 | E163: 6002.5465 | F163: =VLOOKUP(A163, BIOSIM_REF!$A:$E, 3, FALSE) -> #N/A | G163: =VLOOKUP(A163, BIOSIM_REF!$A:$E, 4, FALSE) -> #N/A | H163: =VLOOKUP(A163, BIOSIM_REF!$A:$E, 5, FALSE) -> #N/A
A164: J0588 | B164: Xeomin | C164: 19592905 | D164: 8992 | E164: 2178.9263 | F164: =VLOOKUP(A164, BIOSIM_REF!$A:$E, 3, FALSE) -> #N/A | G164: =VLOOKUP(A164, BIOSIM_REF!$A:$E, 4, FALSE) -> #N/A | H164: =VLOOKUP(A164, BIOSIM_REF!$A:$E, 5, FALSE) -> #N/A
A165: J7198 | B165: Feiba NF | C165: 19374146 | D165: 125 | E165: 154993.17 | F165: =VLOOKUP(A165, BIOSIM_REF!$A:$E, 3, FALSE) -> #N/A | G165: =VLOOKUP(A165, BIOSIM_REF!$A:$E, 4, FALSE) -> #N/A | H165: =VLOOKUP(A165, BIOSIM_REF!$A:$E, 5, FALSE) -> #N/A
A166: J7321 | B166: Hyalgan* | C166: 19241339 | D166: 45056 | E166: 427.05387 | F166: =VLOOKUP(A166, BIOSIM_REF!$A:$E, 3, FALSE) -> #N/A | G166: =VLOOKUP(A166, BIOSIM_REF!$A:$E, 4, FALSE) -> #N/A | H166: =VLOOKUP(A166, BIOSIM_REF!$A:$E, 5, FALSE) -> #N/A
A167: Q4081 | B167: Epogen (Q4081)* | C167: 14004.02 | D167: 21 | E167: 666.8581 | F167: =VLOOKUP(A167, BIOSIM_REF!$A:$E, 3, FALSE) -> Y | G167: =VLOOKUP(A167, BIOSIM_REF!$A:$E, 4, FALSE) -> PROCRIT | H167: =VLOOKUP(A167, BIOSIM_REF!$A:$E, 5, FALSE) -> N
A168: Q4133 | B168: Grafix stravix prime pl sqcm | C168: 18737693 | D168: 1458 | E168: 12851.641 | F168: =VLOOKUP(A168, BIOSIM_REF!$A:$E, 3, FALSE) -> #N/A | G168: =VLOOKUP(A168, BIOSIM_REF!$A:$E, 4, FALSE) -> #N/A | H168: =VLOOKUP(A168, BIOSIM_REF!$A:$E, 5, FALSE) -> #N/A
A169: J1745 | B169: Remicade | C169: 5.1262192e+08 | D169: 41903 | E169: 12233.538 | F169: =VLOOKUP(A169, BIOSIM_REF!$A:$E, 3, FALSE) -> Y | G169: =VLOOKUP(A169, BIOSIM_REF!$A:$E, 4, FALSE) -> REMICADE | H169: =VLOOKUP(A169, BIOSIM_REF!$A:$E, 5, FALSE) -> N
A170: J2562 | B170: Mozobil | C170: 18573469 | D170: 1503 | E170: 12357.597 | F170: =VLOOKUP(A170, BIOSIM_REF!$A:$E, 3, FALSE) -> #N/A | G170: =VLOOKUP(A170, BIOSIM_REF!$A:$E, 4, FALSE) -> #N/A | H170: =VLOOKUP(A170, BIOSIM_REF!$A:$E, 5, FALSE) -> #N/A
A171: J8521 | B171: Capecitabine (J8521)* | C171: 18199048 | D171: 25636 | E171: 709.902 | F171: =VLOOKUP(A171, BIOSIM_REF!$A:$E, 3, FALSE) -> #N/A | G171: =VLOOKUP(A171, BIOSIM_REF!$A:$E, 4, FALSE) -> #N/A | H171: =VLOOKUP(A171, BIOSIM_REF!$A:$E, 5, FALSE) -> #N/A
... A192: J1823 | B192: Uplizna | C192: 13521358 | D192: 52 | E192: 260026.12 | F192: =VLOOKUP(A192, BIOSIM_REF!$A:$E, 3, FALSE) -> #N/A | G192: =VLOOKUP(A192, BIOSIM_REF!$A:$E, 4, FALSE) -> #N/A | H192: =VLOOKUP(A192, BIOSIM_REF!$A:$E, 5, FALSE) -> #N/A
A193: 90674 | B193: Flucelvax Quad 2016-2017* | C193: 13428001 | D193: 460331 | E193: 29.170316 | F193: =VLOOKUP(A193, BIOSIM_REF!$A:$E, 3, FALSE) -> #N/A | G193: =VLOOKUP(A193, BIOSIM_REF!$A:$E, 4, FALSE) -> #N/A | H193: =VLOOKUP(A193, BIOSIM_REF!$A:$E, 5, FALSE) -> #N/A
A194: J1557 | B194: Gammaplex* | C194: 13358292 | D194: 363 | E194: 36799.703 | F194: =VLOOKUP(A194, BIOSIM_REF!$A:$E, 3, FALSE) -> #N/A | G194: =VLOOKUP(A194, BIOSIM_REF!$A:$E, 4, FALSE) -> #N/A | H194: =VLOOKUP(A194, BIOSIM_REF!$A:$E, 5, FALSE) -> #N/A
A195: J7208 | B195: Jivi | C195: 13254351 | D195: 22 | E195: 602470.49 | F195: =VLOOKUP(A195, BIOSIM_REF!$A:$E, 3, FALSE) -> #N/A | G195: =VLOOKUP(A195, BIOSIM_REF!$A:$E, 4, FALSE) -> #N/A | H195: =VLOOKUP(A195, BIOSIM_REF!$A:$E, 5, FALSE) -> #N/A
A196: J1437 | B196: Monoferric | C196: 13124539 | D196: 4256 | E196: 3083.7732 | F196: =VLOOKUP(A196, BIOSIM_REF!$A:$E, 3, FALSE) -> #N/A | G196: =VLOOKUP(A196, BIOSIM_REF!$A:$E, 4, FALSE) -> #N/A | H196: =VLOOKUP(A196, BIOSIM_REF!$A:$E, 5, FALSE) -> #N/A
A197: J0257 | B197: Glassia | C197: 13123768 | D197: 178 | E197: 73729.032 | F197: =VLOOKUP(A197, BIOSIM_REF!$A:$E, 3, FALSE) -> #N/A | G197: =VLOOKUP(A197, BIOSIM_REF!$A:$E, 4, FALSE) -> #N/A | H197: =VLOOKUP(A197, BIOSIM_REF!$A:$E, 5, FALSE) -> #N/A
A198: J3032 | B198: Vyepti | C198: 12936886 | D198: 2236 | E198: 5785.7273 | F198: =VLOOKUP(A198, BIOSIM_REF!$A:$E, 3, FALSE) -> #N/A | G198: =VLOOKUP(A198, BIOSIM_REF!$A:$E, 4, FALSE) -> #N/A | H198: =VLOOKUP(A198, BIOSIM_REF!$A:$E, 5, FALSE) -> #N/A
A199: J1030 | B199: Depo-Medrol (J1030)* | C199: 12224204 | D199: 961271 | E199: 12.71671 | F199: =VLOOKUP(A199, BIOSIM_REF!$A:$E, 3, FALSE) -> #N/A | G199: =VLOOKUP(A199, BIOSIM_REF!$A:$E, 4, FALSE) -> #N/A | H199: =VLOOKUP(A199, BIOSIM_REF!$A:$E, 5, FALSE) -> #N/A
A200: J1040 | B200: Depo-Medrol (J1040)* | C200: 12107604 | D200: 633512 | E200: 19.111878 | F200: =VLOOKUP(A200, BIOSIM_REF!$A:$E, 3, FALSE) -> #N/A | G200: =VLOOKUP(A200, BIOSIM_REF!$A:$E, 4, FALSE) -> #N/A | H200: =VLOOKUP(A200, BIOSIM_REF!$A:$E, 5, FALSE) -> #N/A
A201: J9036 | B201: Belrapzo* | C201: 12048142 | D201: 669 | E201: 18009.181 | F201: =VLOOKUP(A201, BIOSIM_REF!$A:$E, 3, FALSE) -> #N/A | G201: =VLOOKUP(A201, BIOSIM_REF!$A:$E, 4, FALSE) -> #N/A | H201: =VLOOKUP(A201, BIOSIM_REF!$A:$E, 5, FALSE) -> #N/A
A202: J3358 | B202: Stelara (J3358) | C202: 11992515 | D202: 2621 | E202: 4575.5493 | F202: =VLOOKUP(A202, BIOSIM_REF!$A:$E, 3, FALSE) -> #N/A | G202: =VLOOKUP(A202, BIOSIM_REF!$A:$E, 4, FALSE) -> #N/A | H202: =VLOOKUP(A202, BIOSIM_REF!$A:$E, 5, FALSE) -> #N/A
A203: Q5104 | B203: Renflexis | C203: 51022400 | D203: 5358 | E203: 9522.6576 | F203: =VLOOKUP(A203, BIOSIM_REF!$A:$E, 3, FALSE) -> N | G203: =VLOOKUP(A203, BIOSIM_REF!$A:$E, 4, FALSE) -> REMICADE | H203: =VLOOKUP(A203, BIOSIM_REF!$A:$E, 5, FALSE) -> Y
A204: Q9967 | B204: Hexabrix* | C204: 11637215 | D204: 907807 | E204: 12.819041 | F204: =VLOOKUP(A204, BIOSIM_REF!$A:$E, 3, FALSE) -> #N/A | G204: =VLOOKUP(A204, BIOSIM_REF!$A:$E, 4, FALSE) -> #N/A | H204: =VLOOKUP(A204, BIOSIM_REF!$A:$E, 5, FALSE) -> #N/A
A205: J2786 | B205: Cinqair | C205: 11402565 | D205: 445 | E205: 25623.741 | F205: =VLOOKUP(A205, BIOSIM_REF!$A:$E, 3, FALSE) -> #N/A | G205: =VLOOKUP(A205, BIOSIM_REF!$A:$E, 4, FALSE) -> #N/A | H205: =VLOOKUP(A205, BIOSIM_REF!$A:$E, 5, FALSE) -> #N/A
...

Sheet BIOSIM_REF
A1: PROC_CD | B1: BRAND_NAME | C1: REF_PRODUCT_FLG | D1: REF_PRODUCT_CLASS | E1: PREFERRED_DRUG
A2: J9356 | B2: HERCEPTIN HYLECTA | C2: Y | D2: HERCEPTIN | E2: N
A3: J9355 | B3: HERCEPTIN | C3: Y | D3: HERCEPTIN | E3: N
A4: Q5113 | B4: HERZUMA | C4: N | D4: HERCEPTIN | E4: Y
A5: Q5114 | B5: OGIVRI | C5: N | D5: HERCEPTIN | E5: Y
A6: Q5112 | B6: ONTRUZANT | C6: N | D6: HERCEPTIN | E6: Y
A7: Q5117 | B7: KANJINTI | C7: N | D7: HERCEPTIN | E7: Y
A8: Q5116 | B8: TRAZIMERA | C8: N | D8: HERCEPTIN | E8: Y
A9: J2505 | B9: NEULASTA | C9: Y | D9: NEULASTA | E9: N
A10: J2506 | B10: NEULASTA | C10: Y | D10: NEULASTA | E10: N
A11: Q5108 | B11: FULPHILA | C11: N | D11: NEULASTA | E11: Y
A12: Q5122 | B12: NYVEPRIA | C12: N | D12: NEULASTA | E12: Y
... A36: Q5123 | B36: RIABNI | C36: N | D36: RITUXAN | E36: Y
